season,series_id,round,team_a,team_b,home_court,win_a,win_b,winner,outcome,games,point_diff_a,home_advantage,seed_advantage,win_pct_diff,point_diff_diff,srs_diff,last20_point_diff_diff,front_running_gap_diff,big_deficit_lift_diff,close_lift_diff,clutch_lift_diff,late_trailing_lift_diff
2016,004150010,1,CLE,DET,CLE,4,0,CLE,1,4,8.5,1,7.0,0.15853658536585358,5.390243902439025,5.024543817330129,5.95,9.10219087250674,-8.817544752079739,2.4706629687092,-11.03209605209303,1.4835385024409538
2016,004150011,1,IND,TOR,TOR,3,4,TOR,0,7,1.4285714285714286,-1,-5.0,-0.13414634146341464,-2.7926829268292686,-2.4611183706757815,-3.1500000000000004,-1.9595541233443399,3.7528159627317716,-0.6936679547896021,-5.226010813609909,0.9756316296161476
2016,004150012,1,CHA,MIA,MIA,3,4,MIA,0,7,-8.857142857142858,-1,-3.0,0.0,1.0731707317073174,0.853741716730547,1.5499999999999998,-5.086784472585177,8.57010699963786,0.33243846077379646,-5.092667557592016,5.309905033963849
2016,004150013,1,ATL,BOS,ATL,4,2,ATL,1,6,6.666666666666667,1,1.0,0.0,0.4024390243902438,0.6559292713384428,6.45,5.345860124691104,-2.2675353949053707,-3.6171321955970615,3.230614952770846,3.244304502708603
2016,004150014,1,GSW,HOU,GSW,4,1,GSW,1,5,18.8,1,7.0,0.3902439024390244,10.560975609756097,10.039278715291196,5.550000000000001,15.341436661052427,-17.490059987587863,4.325125476704995,-1.5592706054805365,1.5626045443543974
2016,004150015,1,MEM,SAS,SAS,0,4,SAS,0,4,-22.0,-1,-5.0,-0.30487804878048774,-12.878048780487806,-12.410906982575884,-12.8,-6.156356188782655,6.7750981615921475,2.952976873227473,13.285754499772684,14.501031313943226
2016,004150016,1,DAL,OKC,OKC,1,4,OKC,0,5,-18.2,-1,-3.0,-0.1585365853658537,-7.585365853658536,-7.107121985131313,-10.25,-5.228495466792918,-2.997631860820423,2.7573891696050237,24.0467212440773,16.32225892547519
2016,004150017,1,LAC,POR,LAC,2,4,POR,0,6,1.0,1,1.0,0.1097560975609756,3.451219512195122,3.1494056405260302,3.15,-7.655548557353226,6.399537843902836,-0.9967895314607933,-1.2071871584927816,-7.48682790236602
2016,004150020,2,ATL,CLE,CLE,0,4,CLE,0,4,-12.5,-1,-3.0,-0.1097560975609756,-2.3902439024390243,-1.9595948206172475,-0.15000000000000036,-6.28276015712096,6.943171568055493,-6.381737574728361,4.100864287606444,-0.9218616681778
2016,004150021,2,MIA,TOR,TOR,3,4,TOR,0,7,-2.5714285714285716,-1,-1.0,-0.09756097560975618,-2.8536585365853657,-2.579482778708993,-1.1500000000000004,12.642450146638575,-4.641074983984023,-1.156788790155755,8.504796653774001,-5.665085368816675
2016,004150022,2,GSW,POR,GSW,4,1,GSW,1,5,4.4,1,4.0,0.35365853658536583,9.926829268292682,9.401522222035261,11.15,4.983497940963385,-10.742456060312932,0.7632998211614463,8.457973129440047,6.457016174067009
2016,004150023,2,OKC,SAS,SAS,4,2,OKC,1,6,-0.5,-1,-1.0,-0.14634146341463405,-3.3536585365853666,-3.185651525540214,4.050000000000001,-10.248443063260341,15.107897197764366,-4.758769792201157,-10.687414101164942,2.266847437803399
2016,004150030,3,CLE,TOR,CLE,4,2,CLE,1,6,15.5,1,1.0,0.012195121951219412,1.5,1.3679033032694674,1.0,16.379815914965512,-8.5522873332631,3.0862873221869638,-1.9013941502542515,-0.07466082335376889
2016,004150031,3,GSW,OKC,GSW,4,3,GSW,1,7,-1.0,1,2.0,0.2195121951219512,3.475609756097561,3.289304047072278,2.0,6.076813358033985,-16.494486615463693,6.187693899090219,22.305850084129503,9.574529550833855
2016,004150040,4,CLE,GSW,GSW,4,3,CLE,1,7,0.5714285714285714,-1,0.0,-0.19512195121951226,-4.7560975609756095,-4.92815483764324,-4.95,-1.0129370691753286,6.259274713661073,-0.8454845093643222,-10.418815024227783,-2.260032889116216
2017,004160010,1,BOS,CHI,BOS,4,2,BOS,1,6,6.833333333333333,1,7.0,0.14634146341463417,2.207317073170732,2.21410950924428,-0.7000000000000002,-17.07061732571354,2.6279721798264095,2.1710826751889236,3.0310964102041127,19.769970088072725
2017,004160011,1,CLE,IND,CLE,4,0,CLE,1,4,4.0,1,5.0,0.1097560975609756,3.4024390243902443,3.5146851505934857,-1.8499999999999999,12.084823078296843,-7.681882994925509,-1.6089761150669428,7.478214453716056,4.916565078798378
2017,004160012,1,MIL,TOR,TOR,2,4,TOR,0,6,-0.6666666666666666,-1,-3.0,-0.1097560975609756,-4.390243902439024,-4.095064545724595,-6.300000000000001,2.8371678402316753,-0.8570548193003615,2.4961474108434154,-14.980096118964916,-7.812900239087648
2017,004160013,1,ATL,WAS,WAS,2,4,WAS,0,6,-1.1666666666666667,-1,-1.0,-0.07317073170731703,-2.658536585365854,-2.5879583043912473,-1.2000000000000002,22.15342164912148,-16.531994338195076,-0.4731273787458088,3.4928647207796306,3.928727972188488
2017,004160014,1,GSW,POR,GSW,4,0,GSW,1,4,18.0,1,7.0,0.31707317073170727,12.158536585365855,11.576959513625585,5.3999999999999995,15.921463069106792,-9.709061259190886,-1.864647860271499,-6.5761323311352005,-9.835028622954537
2017,004160015,1,MEM,SAS,SAS,2,4,SAS,0,6,-8.333333333333334,-1,-5.0,-0.2195121951219512,-6.7073170731707314,-6.174250291834692,-6.3,-2.5568157635356403,0.26905224979140296,0.26152069441878045,1.4472727154013239,0.10692070761220873
2017,004160016,1,HOU,OKC,HOU,4,1,HOU,1,5,8.6,1,3.0,0.09756097560975618,5.01219512195122,4.699061957269865,-0.25,-1.108560163313839,1.2580560334114392,-0.22586149458705074,-22.08085300993602,-20.08892448932788
2017,004160017,1,LAC,UTA,LAC,3,4,UTA,0,7,-1.1428571428571428,1,1.0,0.0,0.35365853658536617,0.4194472153447286,5.949999999999999,11.19264983082866,-11.501553409777166,2.8535714060971857,-7.320576153324307,-4.3294439206343105
2017,004160020,2,BOS,WAS,BOS,4,3,BOS,1,7,1.0,1,3.0,0.04878048780487809,0.8292682926829269,0.887493261396892,2.65,9.340724260431408,-13.730280249983156,0.9646761409208917,-1.64139053190768,9.003115849876153
2017,004160021,2,CLE,TOR,CLE,4,0,CLE,1,4,15.25,1,1.0,0.0,-1.0243902439024386,-0.7750587183488178,-4.8500000000000005,15.649693923636596,-13.033160101018707,3.0395956205430226,0.8338401503312562,-6.721814322047955
2017,004160022,2,GSW,UTA,GSW,4,0,GSW,1,4,15.0,1,4.0,0.19512195121951215,7.695121951219512,7.349510252851016,7.35,16.61052830884187,-16.747427679200182,-0.4745385452470332,-8.90031661811237,2.9558368520075398
2017,004160023,2,HOU,SAS,SAS,2,4,SAS,0,6,-5.0,-1,-1.0,-0.07317073170731703,-1.4268292682926829,-1.2888989410778784,-1.65,2.630155833792928,-4.518410998408606,2.5928816744874554,-13.734865847867068,-12.471813002943218
2017,004160030,3,BOS,CLE,BOS,1,4,CLE,0,5,-20.0,1,1.0,0.024390243902439046,-0.5487804878048781,-0.6266783254845882,2.95,-19.652739396214237,9.676430727810356,1.4255911274956286,0.2729401081817793,13.155604113359843
2017,004160031,3,GSW,SAS,GSW,4,0,GSW,1,4,16.0,1,1.0,0.07317073170731703,4.439024390243903,4.217983082426779,6.1,20.820332117232525,-19.111428526798925,1.6440124114178758,-10.207025833320381,-0.09243999877328513
2017,004160040,4,CLE,GSW,GSW,1,4,GSW,0,5,-6.8,-1,-1.0,-0.19512195121951215,-8.451219512195122,-8.47601986862152,-10.299999999999999,-8.395712378186412,7.071232371638777,1.0694286758535254,10.865137479176205,-1.478147873297516
2018,004170011,1,BOS,MIL,BOS,4,3,BOS,1,7,0.5714285714285714,1,5.0,0.13414634146341464,3.8902439024390243,3.6844618710742747,2.3,4.217213154328334,-4.274487344201113,1.0160217140450627,-6.344261976184855,13.320966447504833
2018,004170012,1,MIA,PHI,PHI,1,4,PHI,0,5,-10.8,-1,-3.0,-0.09756097560975607,-4.024390243902439,-4.145498877447583,-8.35,1.343498322052767,-2.176027200388928,1.3632609384671204,1.8999674560163955,16.789322553798556
2018,004170013,1,CLE,IND,CLE,4,3,CLE,1,7,-5.714285714285714,1,1.0,0.024390243902439046,-0.41463414634146356,-0.5616994054459729,3.1,6.175210222711904,-7.528677908448686,0.8437469174662211,4.102762624356037,2.5925614267908266
2018,004170014,1,HOU,MIN,HOU,4,1,HOU,1,5,8.8,1,7.0,0.2195121951219513,6.2439024390243905,5.861691835108717,6.300000000000001,-1.1242784280846738,1.7542115102151268,0.04507999013098507,10.410123754062173,-2.1052742811906002
2018,004170015,1,GSW,SAS,GSW,4,1,GSW,1,5,8.8,1,5.0,0.13414634146341464,3.24390243902439,3.050023229212486,-4.4,13.037331890685298,-11.328331030210709,-0.6025982647022068,-0.5621894255915771,-9.870586994967185
2018,004170016,1,NOP,POR,POR,4,0,NOP,1,4,9.0,-1,-3.0,-0.012195121951219523,-1.3902439024390245,-1.2100957541984145,-2.05,-3.7958023247791526,8.205419077383416,0.5100892261976835,3.0034727944784114,-4.212958929528277
2018,004170017,1,OKC,UTA,OKC,2,4,UTA,0,6,-4.333333333333333,1,1.0,0.0,-0.8902439024390243,-1.0519481048863493,-8.100000000000001,-14.227500681253819,5.1768704507342385,0.03705863681248278,-0.9944879636574688,17.000677801424263
2018,004170020,2,CLE,TOR,TOR,4,0,CLE,1,4,14.0,-1,-3.0,-0.1097560975609756,-6.7804878048780495,-6.643145689719069,-1.1500000000000004,10.013450755574896,-4.804887894424341,2.4029131527604686,22.457099727612455,-2.9475432942022626
2018,004170021,2,BOS,PHI,BOS,4,1,BOS,1,5,3.0,1,1.0,0.03658536585365857,-0.9146341463414633,-1.0634250855634666,-9.75,0.23628665822716144,-1.0279760198851422,-0.8382988076145894,-6.836979056597961,15.641635666341191
2018,004170022,2,HOU,UTA,HOU,4,1,HOU,1,5,10.0,1,4.0,0.20731707317073178,4.170731707317074,3.7342240186755857,-5.75,-17.997166043812776,9.868322848404038,1.6802705975061292,4.840237308954612,3.0025959276146468
2018,004170023,2,GSW,NOP,GSW,4,1,GSW,1,5,8.6,1,4.0,0.12195121951219512,4.926829268292683,4.551205221946306,-5.25,14.270688443050247,-15.094365573040895,-0.21326561674162292,-6.653905852624646,-14.92122556372626
2018,004170030,3,BOS,CLE,BOS,3,4,CLE,0,7,-0.8571428571428571,1,2.0,0.060975609756097615,2.6463414634146343,2.641105112453685,-1.25,-8.4596094038439,0.6648467634253885,-1.442641513735254,-16.183132603224166,5.039760399392861
2018,004170031,3,GSW,HOU,HOU,4,3,GSW,1,7,9.0,-1,-1.0,-0.08536585365853666,-2.3414634146341475,-2.2676922031814755,-9.45,16.656012259713112,-13.714106857507623,-0.029416919385063522,-8.220376585350575,-8.315615189674613
2018,004170040,4,CLE,GSW,GSW,0,4,GSW,0,4,-15.0,-1,-2.0,-0.09756097560975607,-5.195121951219512,-5.350910524191066,6.05,-3.7810839647030967,6.743048588027034,1.1610347017445704,16.96287267215923,14.628566670520991
2019,004180010,1,DET,MIL,MIL,0,4,MIL,0,4,-23.75,-1,-7.0,-0.23170731707317072,-9.109756097560975,-8.599967678940178,-6.4,9.072229566114403,-5.127211778133454,2.226467159288466,4.595098108983473,5.684373129149996
2019,004180011,1,ORL,TOR,TOR,1,4,TOR,0,5,-14.4,-1,-5.0,-0.19512195121951215,-5.378048780487805,-5.213006556478072,-2.25,12.833898312935315,-3.3732698777246264,-1.9801555155473727,-0.41708618488746785,-1.3072579335408703
2019,004180012,1,BKN,PHI,PHI,1,4,PHI,0,5,-11.0,-1,-3.0,-0.1097560975609756,-2.7682926829268295,-2.6572139436750644,0.19999999999999996,-8.490791548512593,12.326134659216931,-5.734328109975144,-0.13837148935461485,-2.7275695746540016
2019,004180013,1,BOS,IND,BOS,4,0,BOS,1,4,7.5,1,1.0,0.012195121951219523,1.1097560975609762,1.1350851122405268,3.5,-6.76700335543752,4.6324485666595425,4.889935685459375,-1.3281188325040891,4.2287129217596275
2019,004180014,1,GSW,LAC,GSW,4,2,GSW,1,6,9.833333333333334,1,7.0,0.1097560975609756,5.609756097560976,5.332315095883166,3.55,3.6214183230728496,-5.024501268188348,-2.8163141796222133,-17.234056056879552,-4.7290966071735525
2019,004180015,1,DEN,SAS,DEN,4,3,DEN,1,7,1.8571428571428572,1,5.0,0.07317073170731714,2.2682926829268295,2.389950578605589,-4.85,2.5152520755429864,-0.08373696708666545,1.4052588228605236,3.607068087805255,1.6124366677098436
2019,004180016,1,OKC,POR,POR,1,4,POR,0,5,-5.8,-1,-3.0,-0.04878048780487809,-0.7926829268292686,-0.8764683335985661,-5.8999999999999995,-14.370702996046091,18.291558256676456,-5.76404185517759,-4.435020506766972,4.718442846911568
2019,004180017,1,HOU,UTA,HOU,4,1,HOU,1,5,9.2,1,1.0,0.03658536585365857,-0.48780487804878003,-0.3217843236427882,2.0500000000000007,-1.5214652022237303,-0.8096841672943995,0.8420193830564742,2.5053702773503694,12.006077767374425
2019,004180020,2,BOS,MIL,MIL,1,4,MIL,0,5,-8.6,-1,-3.0,-0.13414634146341464,-4.426829268292682,-4.146196543441884,-5.15,11.118449998768343,-7.091838305387588,5.201138276015743,2.5181229987017657,-0.14420581876112948
2019,004180021,2,PHI,TOR,TOR,3,4,TOR,0,7,-2.7142857142857144,-1,-1.0,-0.08536585365853655,-3.390243902439024,-3.233383615322606,-7.25,10.802154559162638,-7.021311843393275,2.3441370580998875,-0.027245747728313008,-1.2914723100145764
2019,004180022,2,GSW,HOU,GSW,4,2,GSW,1,6,1.8333333333333333,1,3.0,0.04878048780487798,1.6951219512195124,1.457446348322442,-6.45,3.583428844446443,-3.470026938949154,-0.17249726267731802,1.152684897276072,-1.3297317210433137
2019,004180023,2,DEN,POR,DEN,3,4,POR,0,7,1.8571428571428572,1,1.0,0.012195121951219523,-0.24390243902439046,-0.2380683281218401,-5.6499999999999995,7.363034238305208,-1.371932519585894,-2.7234735034775115,0.2875056226509427,10.611938792871848
2019,004180030,3,MIL,TOR,MIL,2,4,TOR,0,6,-1.0,1,1.0,0.024390243902439046,2.7804878048780486,2.5546508385144815,-1.0999999999999996,-3.9943152932866433,7.306989096193108,-3.3911110659581496,-3.340162080025091,-5.082902091980182
2019,004180031,3,GSW,POR,GSW,4,0,GSW,1,4,9.5,1,2.0,0.04878048780487798,2.2682926829268295,1.9871188600548049,-0.04999999999999982,10.316289646232988,-6.026198460322764,-2.877942456756899,-5.624224729881891,5.900410599761813
2019,004180040,4,GSW,TOR,TOR,2,4,TOR,0,6,-5.666666666666667,-1,1.0,-0.012195121951219523,0.37804878048780566,0.9319345833964414,-1.5,18.253303884385865,-10.081031604857566,-0.7975677129747529,-1.3610691078572827,-2.636738834006346
2020,004190010,1,MIL,ORL,MIL,4,1,MIL,1,5,9.2,0,7.0,0.3150684931506849,11.095890410958903,10.331419744315536,2.7,-5.136324659390972,-4.719607973399457,6.758799759846399,7.816599702913919,-11.586704672889287
2020,004190011,1,BKN,TOR,TOR,0,4,TOR,0,4,-20.5,0,-5.0,-0.24628325508607202,-6.780712050078248,-6.918435504541109,-5.55,14.786248955689137,-9.669495636425022,3.730572473480259,-3.7118873130370025,2.9852226641310624
2020,004190012,1,BOS,PHI,BOS,4,0,BOS,1,4,11.75,0,3.0,0.07762557077625565,3.9219939117199387,3.581804250836945,1.25,-3.5419648158667094,1.8770609710949389,-3.17291258109232,-5.803216963033245,-2.181801649246623
2020,004190013,1,IND,MIA,IND,0,4,MIA,0,4,-10.5,0,1.0,0.0,-1.4722222222222223,-1.4401413631614612,-2.05,7.86458112980047,-7.078222207371556,-1.5655926819544126,19.37092284138526,9.452643222960571
2020,004190014,1,LAL,POR,LAL,4,1,LAL,1,5,10.6,0,7.0,0.25942139322421015,6.937381043014845,6.894005490534325,2.8000000000000003,9.194809635010412,-6.919063769478714,0.1670314014128942,-11.674708424204471,-5.844540765024272
2020,004190015,1,DAL,LAC,LAC,2,4,LAC,0,6,-9.666666666666666,0,-5.0,-0.10272300469483564,-1.5322065727699536,-1.791018748745497,-5.4,-2.3716896971597743,1.122982371060595,-0.5468445766765404,-6.593114195818781,3.1151607170470834
2020,004190016,1,DEN,UTA,DEN,4,3,DEN,1,7,-3.4285714285714284,0,3.0,0.02777777777777768,-0.22222222222222232,-0.1128892764540721,-0.5,-4.204025417352034,4.115006351846718,0.6285226286788475,4.698027929831694,1.392563252008856
2020,004190017,1,HOU,OKC,HOU,4,3,HOU,1,7,6.428571428571429,0,1.0,-0.00860719874804372,0.887910798122066,0.8134420450232862,0.7499999999999999,2.6997815674086456,-2.65427088734174,4.976394680799459,-7.41591768097998,-13.479339627284809
2020,004190020,2,MIA,MIL,MIL,4,1,MIA,1,5,6.8,0,-4.0,-0.15601217656012167,-6.859969558599695,-6.573052222415714,-1.35,3.4901586959513757,-1.6452666381992005,-3.8511529836830345,-12.372621180862788,11.89561952209004
2020,004190021,2,BOS,TOR,TOR,4,3,BOS,1,7,5.285714285714286,0,-1.0,-0.06572769953051649,0.09428794992175238,-0.07282695777371817,-1.2000000000000002,1.97041056159998,0.007422384531081683,-1.7012865524143654,-16.281966906303094,-1.7460163650603002
2020,004190022,2,HOU,LAL,LAL,1,4,LAL,0,5,-7.2,0,-3.0,-0.12128325508607196,-2.8303990610328635,-3.1489593155358007,-1.2000000000000002,0.0940234103169737,0.18725002485906117,2.0024021076766143,11.192936374441263,-2.67052653335759
2020,004190023,2,DEN,LAC,LAC,4,3,DEN,1,7,0.42857142857142855,0,-1.0,-0.03716744913928016,-4.22887323943662,-4.253478409258907,-9.15,-12.14632547509208,8.016017477610067,2.290515589770804,14.666571841438376,5.206474867631833
2020,004190030,3,BOS,MIA,BOS,2,4,MIA,0,6,0.16666666666666666,0,2.0,0.05555555555555547,3.083333333333333,3.002883172515678,1.6,-4.676474260268213,6.324176797240772,-3.3546199979863864,4.739731788591245,-3.9348835034526655
2020,004190031,3,DEN,LAL,LAL,1,4,LAL,0,5,-4.4,0,-2.0,-0.09350547730829428,-3.538732394366197,-3.871256024213375,-4.0,-11.321629302088091,9.279274977174364,-1.6651049918247365,11.633064820378511,4.007436212201572
2020,004190040,4,LAL,MIA,LAL,4,2,LAL,1,6,5.5,0,4.0,0.12128325508607196,2.5665101721439747,3.4528830150773917,-0.04999999999999982,6.762470984587729,-3.5652909321179473,0.20757789486007017,10.170423861699835,2.2252308947095587
2021,004200010,1,PHI,WAS,PHI,4,1,PHI,1,5,14.0,1,7.0,0.20833333333333337,7.416666666666666,7.119999999999996,0.2999999999999998,4.374299327219193,-6.772583609292324,3.0144510737957804,-3.329464920001959,-4.756438947531007
2021,004200011,1,BKN,BOS,BKN,4,1,BKN,1,5,11.2,1,5.0,0.16666666666666663,3.041666666666667,2.9200000000000186,2.4000000000000004,-1.6869314183428585,0.10039974941648566,0.8424400328057313,6.247983076884746,-6.978357607429681
2021,004200012,1,MIA,MIL,MIL,0,4,MIL,0,4,-20.5,-1,-3.0,-0.08333333333333326,-5.861111111111112,-5.62666666666666,-4.699999999999999,-3.421914397031732,-1.3946855714131399,5.285453700188118,3.8326528736872025,3.606746047462333
2021,004200013,1,ATL,NYK,NYK,4,1,ATL,1,5,7.0,-1,-1.0,0.0,0.027777777777778123,0.026666666666664618,-2.6,-4.5378859775705465,2.3292319443920433,-1.3723854662908108,-6.310492592407657,5.5669564264956515
2021,004200014,1,MEM,UTA,UTA,1,4,UTA,0,5,-8.4,-1,-7.0,-0.19444444444444442,-8.222222222222221,-7.893333333333335,-8.15,3.8943827209177493,-5.151769055494974,7.900460962480892,3.1994958919185077,-0.5040695708584328
2021,004200015,1,LAL,PHX,PHX,2,4,PHX,0,6,-6.5,-1,-5.0,-0.125,-3.027777777777778,-2.9066666666666845,-3.4,-13.652779385737075,13.814127427951927,-4.8663198194320225,10.844169959216796,-2.092511047686185
2021,004200016,1,DEN,POR,DEN,4,2,DEN,1,6,1.3333333333333333,1,3.0,0.06944444444444442,3.1388888888888884,3.013333333333321,-3.1,-11.126294166204067,3.8372033838049204,1.439682499935342,-16.097738144375192,-14.345076288864384
2021,004200017,1,DAL,LAC,LAC,3,4,LAC,0,7,-5.142857142857143,-1,-1.0,-0.06944444444444442,-3.9166666666666665,-3.7600000000000064,-2.3500000000000005,7.471143580679996,-0.9315205534952753,0.5863354143193302,5.773733105464215,11.598441674244548
2021,004200020,2,ATL,PHI,PHI,4,3,ATL,1,7,-2.857142857142857,-1,-4.0,-0.11111111111111116,-3.2638888888888884,-3.133333333333333,-4.1,-4.98964147378435,3.7815565091750263,-0.36501213765842966,-4.28594113780318,-6.3335754199820125
2021,004200021,2,BKN,MIL,BKN,3,4,MIL,0,7,2.857142857142857,1,1.0,0.02777777777777779,-1.3888888888888893,-1.3333333333333108,-3.1999999999999997,-15.45018290445,14.484811857094348,-0.5844398077774766,5.699718283105564,5.3812441445792585
2021,004200022,2,LAC,UTA,UTA,4,2,LAC,1,6,8.5,-1,-3.0,-0.06944444444444442,-3.0694444444444446,-2.946666666666667,-3.1999999999999993,-3.281990698439161,-0.5022831155432828,2.41514075408553,-0.9202847981425268,-4.493393772409736
2021,004200023,2,DEN,PHX,PHX,0,4,PHX,0,4,-15.75,-1,-1.0,-0.05555555555555558,-0.8888888888888893,-0.8533333333333548,0.5,-16.437685900082222,12.110603376445335,-3.404724394597917,6.748158300012465,-8.600256604507646
2021,004200030,3,ATL,MIL,MIL,2,4,MIL,0,6,-7.0,-1,-2.0,-0.06944444444444442,-3.5694444444444446,-3.4266666666666596,-3.1999999999999997,-4.279976332534467,2.5196124698950837,2.686098424683707,4.15123317544097,5.09323847861053
2021,004200031,3,LAC,PHX,PHX,2,4,PHX,0,6,-1.6666666666666667,-1,-2.0,-0.05555555555555558,0.3611111111111107,0.346666666666656,2.2500000000000004,-8.98661379525393,5.42616950657844,-6.334207055045738,-3.0026754010829038,-12.209618893011372
2021,004200040,4,MIL,PHX,PHX,4,2,MIL,1,6,2.3333333333333335,-1,-1.0,-0.06944444444444453,0.06944444444444464,-0.10311111111112847,3.9,-5.03654605386657,3.4427544375375536,-5.925509941753371,0.19799411716086457,-9.3978210901285
2022,004210010,1,ATL,MIA,MIA,1,4,MIA,0,5,-12.0,-1,-7.0,-0.12195121951219512,-2.9146341463414633,-2.703240085103814,0.5499999999999998,-6.8515858977535755,11.871917139587536,-1.8550441409522236,-4.606951749839806,-8.223206850464141
2022,004210011,1,BKN,BOS,BOS,0,4,BOS,0,4,-4.5,-1,-5.0,-0.08536585365853655,-6.5,-6.199683234003992,-6.050000000000001,-8.244271621658733,2.032091643952965,2.0562761357469843,17.38559248196884,8.43186990305923
2022,004210012,1,CHI,MIL,MIL,1,4,MIL,0,5,-14.6,-1,-3.0,-0.060975609756097504,-3.768292682926829,-3.6148100975084874,-10.15,-5.683130089265357,7.83833788226299,3.063210023130824,2.7575788733130793,1.062292360478014
2022,004210013,1,PHI,TOR,PHI,4,2,PHI,1,6,8.333333333333334,1,1.0,0.03658536585365857,0.3170731707317076,0.19166572567700157,-2.75,-1.2476614863036741,-8.801952635958003,2.2307208154472855,-8.539058118798348,4.545796125069809
2022,004210014,1,NOP,PHX,PHX,2,4,PHX,0,6,-1.5,-1,-7.0,-0.34146341463414637,-8.512195121951219,-7.799878649752547,-3.8499999999999996,6.400107332575396,3.893943206968432,-1.3597906597314866,-12.192544975998821,-25.00967243047806
2022,004210015,1,MEM,MIN,MEM,4,2,MEM,1,6,5.5,1,5.0,0.12195121951219512,3.0487804878048776,2.8371029657001468,1.1499999999999995,9.711478224035826,-13.15166528380435,1.911238763762256,1.9786030162952764,8.553388563206372
2022,004210017,1,DAL,UTA,DAL,4,2,DAL,1,6,5.666666666666667,1,1.0,0.03658536585365857,-2.7073170731707314,-2.5242712558543774,-2.4999999999999996,5.087816121380527,-5.778509646293418,2.6458868703467227,2.2382115428318023,14.329462493154022
2022,004210020,2,MIA,PHI,MIA,4,2,MIA,1,6,7.666666666666667,1,3.0,0.024390243902439046,1.8658536585365852,1.6915437383466858,0.6500000000000004,1.5026845428277449,-1.365971497218851,0.6522421220385279,-0.6906290192829223,-7.975734232898002
2022,004210021,2,BOS,MIL,BOS,4,3,BOS,1,7,7.857142857142857,1,1.0,0.0,3.926829268292683,3.802467750254352,9.4,-2.6400574791767237,10.757293285392139,-2.599068181009393,-21.343594966536283,-13.277114838735386
2022,004210022,2,DAL,PHX,PHX,4,3,DAL,1,7,3.142857142857143,-1,-3.0,-0.14634146341463417,-4.195121951219512,-3.8172699811393622,-2.2499999999999996,4.779156576578069,-1.070767459980142,2.820375150433521,-21.17468538240235,-10.122087407245328
2022,004210023,2,GSW,MEM,MEM,4,2,GSW,1,6,0.6666666666666666,-1,-1.0,-0.03658536585365857,-0.14634146341463428,0.15141764113532208,-7.199999999999999,-17.36395885565487,12.054667547636447,-3.2881683207640036,-3.5206479571547167,2.814444827564916
2022,004210030,3,BOS,MIA,MIA,4,3,BOS,1,7,5.285714285714286,-1,-1.0,-0.024390243902439046,2.8048780487804876,2.762052256220594,8.600000000000001,4.5409864747167346,7.865671967340891,-3.50782941138715,-13.229672733043543,-3.7011129043037294
2022,004210031,3,DAL,GSW,GSW,1,4,GSW,0,5,-8.6,-1,-1.0,-0.012195121951219523,-2.2073170731707314,-2.3724058098215632,1.85,7.859279245354294,-4.049105551119209,1.7729669899758562,-6.475172683068905,3.4663423828691746
2022,004210040,4,BOS,GSW,GSW,2,4,GSW,0,6,-4.0,-1,1.0,-0.024390243902439046,1.7439024390243905,1.4980818136068974,10.55,6.292676790866599,3.0645633696824035,-1.1110549696273475,-13.737710533864423,-7.429004432819758
2023,004220010,1,MIA,MIL,MIL,4,1,MIA,1,5,5.2,-1,-7.0,-0.1707317073170731,-3.951219512195122,-3.7436442349916756,-1.95,-12.283021825147898,15.037780174335486,-6.390782589067344,11.853877596316742,9.810606275993099
2023,004220011,1,ATL,BOS,BOS,2,4,BOS,0,6,-5.333333333333333,-1,-5.0,-0.19512195121951215,-6.2317073170731705,-6.0619940348294845,-7.6000000000000005,-4.774489345733252,3.93534108972874,-0.8750519023597247,-3.531179465729849,3.6430113822423156
2023,004220012,1,BKN,PHI,PHI,0,4,PHI,0,4,-11.25,-1,-3.0,-0.1097560975609756,-3.463414634146342,-3.3430329387711106,-3.0999999999999996,12.064295154359394,-8.002848011345094,1.0490427802369673,-4.678797193923632,-8.10373675656254
2023,004220013,1,CLE,NYK,CLE,1,4,NYK,0,5,-5.4,1,1.0,0.04878048780487809,2.451219512195122,2.2445955401242808,1.3000000000000003,6.926454648543232,-1.7684987589214574,-0.30249160385953067,8.962779965762035,10.787030099548845
2023,004220014,1,DEN,MIN,DEN,4,1,DEN,1,5,8.8,1,7.0,0.13414634146341464,3.3780487804878048,3.2726087337964134,0.5,10.522490000766428,-4.432448252588858,-4.97303126561488,5.61867293255929,-0.23506170760239753
2023,004220015,1,LAL,MEM,MEM,4,2,LAL,1,6,7.5,-1,-5.0,-0.09756097560975607,-3.3658536585365852,-3.1732816264603807,1.6999999999999997,-24.6665407747418,14.649273079278114,-5.252451039880795,8.794894189421022,16.835036019115435
2023,004220016,1,GSW,SAC,SAC,4,3,GSW,1,7,2.142857142857143,-1,-3.0,-0.04878048780487798,-0.8902439024390245,-0.6919504999513426,3.0500000000000003,10.479899105632187,-3.855258604869005,-1.9605611884254057,-1.475362393689831,-3.0532067406208867
2023,004220017,1,LAC,PHX,PHX,1,4,PHX,0,5,-6.4,-1,-1.0,-0.012195121951219523,-1.5731707317073171,-1.7734687433899747,-2.9499999999999997,-5.052745571145987,1.4045509861743728,-4.341914699636078,7.150313218543561,8.852970189092702
2023,004220020,2,MIA,NYK,NYK,4,2,MIA,1,6,3.8333333333333335,-1,-3.0,-0.03658536585365846,-3.24390243902439,-3.120264031280013,-3.6999999999999997,1.1748515863446451,-2.9219437728556925,2.7167009345161612,23.672471918995903,16.48715895898063
2023,004220021,2,BOS,PHI,BOS,4,3,BOS,1,7,8.857142857142858,1,1.0,0.03658536585365846,2.2073170731707314,2.005986137672675,3.250000000000001,7.253030888186127,-9.516764428294357,4.845173947296681,-13.32003066040961,-9.250901545809949
2023,004220022,2,DEN,PHX,DEN,4,2,DEN,1,6,9.5,1,3.0,0.09756097560975607,1.2560975609756095,0.9621039000981915,-3.1999999999999997,-1.5309317883233273,5.1595142203371305,-4.495636732628857,9.545017754878309,7.053665150723517
2023,004220023,2,GSW,LAL,GSW,2,4,LAL,0,6,-2.8333333333333335,1,1.0,0.012195121951219523,1.231707317073171,1.2291366112818127,0.35000000000000053,17.66417019910156,-4.796709528037519,-2.91790669353404,0.695209518644087,-3.670350780661309
2023,004220030,3,BOS,MIA,BOS,3,4,MIA,0,7,-3.857142857142857,1,6.0,0.15853658536585358,6.841463414634147,6.51251028428435,8.850000000000001,4.716586983906352,-4.95744299181335,3.1333479633357557,-19.43709307424017,-18.720271407912268
2023,004220031,3,DEN,LAL,DEN,4,0,DEN,1,4,6.0,1,6.0,0.12195121951219512,2.7560975609756095,2.6154317568382632,-4.6499999999999995,20.915583166190515,-9.090820732058148,-0.5433592892413707,2.2968847794642553,-4.202591000278776
2023,004220040,4,DEN,MIA,DEN,4,1,DEN,1,5,8.2,1,7.0,0.1097560975609756,3.646341463414634,3.1758243913117523,0.7,11.75912631647343,-6.321113332181955,-0.6970528118726075,-9.438475187938838,-10.672413393034837
2024,004230010,1,BOS,MIA,BOS,4,1,BOS,1,5,15.6,1,7.0,0.2195121951219512,9.621951219512196,9.68332395379484,7.6499999999999995,11.391815604307286,-14.16462268936773,2.9963227009447255,7.448887640100411,8.745637824315667
2024,004230011,1,NYK,PHI,NYK,4,2,NYK,1,6,0.16666666666666666,1,5.0,0.03658536585365857,1.5365853658536581,1.8492547959365302,5.3,-3.3053377992626185,4.4721170214983985,-2.9073016031370416,6.7253090227815715,0.9707604465188338
2024,004230012,1,IND,MIL,MIL,4,2,IND,1,6,2.8333333333333335,-1,-3.0,-0.024390243902439046,0.3902439024390243,0.2731740550473143,11.7,-0.9205921494313314,2.391987675651041,-4.613266294859974,-9.13544330442703,-3.92827179833847
2024,004230013,1,CLE,ORL,CLE,4,3,CLE,1,7,-4.428571428571429,1,1.0,0.012195121951219523,0.3902439024390243,0.49982930946630555,-6.8999999999999995,-5.465142541761777,2.6778010688350156,-1.572298229361099,-3.1596919433474357,-8.916326579050004
2024,004230014,1,NOP,OKC,OKC,0,4,OKC,0,4,-15.75,-1,-7.0,-0.09756097560975607,-3.0,-2.9008493800177355,-1.7999999999999998,3.768968816348372,-7.577042822065994,4.386079453264962,-12.783974412494405,-10.702297532654454
2024,004230015,1,DEN,LAL,DEN,4,1,DEN,1,5,2.2,1,5.0,0.12195121951219512,4.658536585365853,4.153950045797534,6.250000000000001,3.0327662121188763,-12.145322922446578,6.929189760990676,4.272656592811493,1.2237657944340494
2024,004230016,1,MIN,PHX,MIN,4,0,MIN,1,4,15.0,1,3.0,0.08536585365853666,3.3902439024390243,3.3072068934956036,1.1999999999999997,11.47697085698918,-8.763049994319648,-2.0062852866860723,-10.314915552127706,13.047374772471095
2024,004230017,1,DAL,LAC,LAC,4,2,DAL,1,6,6.666666666666667,-1,-1.0,-0.012195121951219523,-1.0731707317073167,-1.1126432980676695,9.0,12.141413089906155,-11.63659181580961,-2.393468812352591,1.1224166992525024,10.370420363361728
2024,004230020,2,BOS,CLE,BOS,4,1,BOS,1,5,7.2,1,3.0,0.19512195121951226,8.963414634146343,8.802818936899072,16.7,11.582557958653105,-15.403864772875853,5.923092357238284,1.266413531955048,4.460775149751916
2024,004230021,2,IND,NYK,NYK,4,3,IND,1,7,4.0,-1,-4.0,-0.03658536585365857,-1.5731707317073167,-1.6403017157630777,0.34999999999999964,2.528618682036427,-3.385755088984882,-1.6330512180470445,-10.594210190543148,-1.6334683243082937
2024,004230022,2,DAL,OKC,OKC,4,2,DAL,1,6,0.0,-1,-4.0,-0.08536585365853655,-5.2073170731707314,-5.062890537557405,0.9000000000000004,1.8376457327972044,-4.469789617968959,-1.9672929487296482,8.009382654590404,11.875380192420268
2024,004230023,2,DEN,MIN,DEN,3,4,MIN,0,7,-5.142857142857143,1,1.0,0.012195121951219412,-1.1951219512195124,-1.157355174554394,3.950000000000001,2.4356497837792044,-4.3676377066729675,7.176303616185681,24.0951864562905,2.961290145878002
2024,004230030,3,BOS,IND,BOS,4,0,BOS,1,4,6.75,1,5.0,0.20731707317073178,8.365853658536587,8.062447304982134,4.0,5.4708521653806335,-10.785237493106866,8.863489759002476,2.056920161784805,2.8992024587352576
2024,004230031,3,DAL,MIN,MIN,4,1,DAL,1,5,5.8,-1,-2.0,-0.07317073170731714,-4.2439024390243905,-4.086185787972387,2.6500000000000004,8.787075524783486,-5.426540497052629,-0.1240172486985216,22.430791483070237,7.987924505094054
2024,004230040,4,BOS,DAL,BOS,4,1,BOS,1,5,2.4,1,4.0,0.1707317073170732,9.170731707317074,8.480875064554166,4.85,0.8153219959839264,-5.635498678414817,8.068244110447704,-12.060359558377801,-9.808893549993515
2025,004240010,1,CLE,MIA,CLE,4,0,CLE,1,4,30.5,1,7.0,0.32926829268292684,8.975609756097562,8.69661975457067,-0.1499999999999999,0.2662608403360336,0.7835039260858254,2.1983612731632447,10.6407789195681,8.012900454562194
2025,004240011,1,BOS,ORL,BOS,4,1,BOS,1,5,12.8,1,5.0,0.24390243902439024,9.23170731707317,8.980290650512199,6.05,-7.031932140612296,-0.08784407354071533,-1.3503548555352949,-10.812585231375978,-14.818925527290327
2025,004240012,1,DET,NYK,NYK,2,4,NYK,0,6,-1.3333333333333333,-1,-3.0,-0.08536585365853655,-2.1951219512195124,-1.8550771477855703,-1.1,-12.533941665595542,6.690583717213424,-3.295741028761629,-7.295630869263681,8.483857382381792
2025,004240013,1,IND,MIL,IND,4,1,IND,1,5,7.6,1,1.0,0.024390243902439046,-0.24390243902439002,-0.4407103191673811,2.2500000000000004,-6.888595677222153,1.4745168519737275,1.1335196187637466,4.406784110199158,1.923059082330814
2025,004240014,1,MEM,OKC,OKC,0,4,OKC,0,4,-19.5,-1,-7.0,-0.24390243902439024,-8.012195121951219,-7.90932116132995,-11.75,-1.555463355309378,6.299651973083814,-3.763735861869667,10.518131683781494,3.8044724553274873
2025,004240015,1,GSW,HOU,HOU,4,3,GSW,1,7,0.0,-1,-5.0,-0.04878048780487809,-1.2073170731707314,-1.4077474746501584,-1.2000000000000002,4.641400533587752,-5.4126691965859965,-3.2095657229167855,4.162573043468987,-0.7142640535681899
2025,004240016,1,LAL,MIN,LAL,1,4,MIN,0,5,-7.0,1,3.0,0.012195121951219523,-3.7804878048780486,-3.6980636368139477,-11.600000000000001,3.029822819672763,-9.504866065348434,6.734093812385471,16.057355965884593,-4.8278965244019645
2025,004240017,1,DEN,LAC,DEN,4,3,DEN,1,7,-0.5714285714285714,1,1.0,0.0,-0.7682926829268291,-0.8741742771676253,-12.65,-8.045423417854996,5.365745363852904,-2.5181097348462296,12.899209468089932,6.255895081256519
2025,004240020,2,CLE,IND,CLE,1,4,IND,0,5,-3.4,1,3.0,0.1707317073170732,7.304878048780488,7.126010264895809,-1.8000000000000003,4.041189308870501,0.6602581588395138,2.0535354918702113,-6.828095462978714,0.4575234606284715
2025,004240021,2,BOS,NYK,BOS,2,4,NYK,0,6,-0.5,1,1.0,0.12195121951219512,5.012195121951219,4.694183010964381,7.3,-4.28288651463143,0.26806908185058287,0.7087945782521317,-1.8503951170588628,5.112371780283349
2025,004240022,2,DEN,OKC,OKC,3,4,OKC,0,7,-9.142857142857142,-1,-3.0,-0.2195121951219512,-8.97560975609756,-8.735376088671355,-13.200000000000001,-1.7630259290349466,3.6353770320170264,-5.350846622094306,17.363329814619252,9.690962806610727
2025,004240023,2,GSW,MIN,MIN,1,4,MIN,0,5,-7.2,-1,-1.0,-0.012195121951219523,-1.6951219512195124,-1.5903690743684673,-4.000000000000001,7.9466655858364765,-6.72109241261683,0.0705592598262248,13.740086531334317,-7.165096997747606
2025,004240030,3,IND,NYK,NYK,4,2,IND,1,6,1.8333333333333333,-1,-1.0,-0.012195121951219523,-1.8658536585365852,-1.908785090906132,1.7000000000000002,-14.884014488728702,6.340829841557031,1.4597663901062843,12.057870142621221,16.39535268166627
2025,004240031,3,MIN,OKC,OKC,1,4,OKC,0,5,-6.2,-1,-5.0,-0.23170731707317072,-7.865853658536585,-7.554428607111721,-2.25,-4.896743387405747,6.627739530708918,-4.241321673543112,-3.7440039087627053,12.41840479884986
2025,004240040,4,IND,OKC,OKC,3,4,OKC,0,7,-2.7142857142857144,-1,-3.0,-0.2195121951219512,-10.634146341463413,-11.022009115656896,-8.15,-7.604647622018483,4.236158569114456,-0.9892347071664647,18.828666109165894,13.004708041096993
2026,004250010,1,DET,ORL,DET,4,3,DET,1,7,4.714285714285714,1,7.0,0.18292682926829262,7.524390243902439,6.721473255267152,11.200000000000001,-2.7398676755710394,-0.505153874954658,0.2076452791224339,-2.5029093161632288,-5.215604164054305
2026,004250011,1,BOS,PHI,BOS,3,4,PHI,0,7,2.857142857142857,1,5.0,0.13414634146341464,7.878048780487805,7.639518089764498,9.2,0.2995799450988943,0.4968595772671325,-0.36594030234229,-22.322319969816352,-13.209729365452912
2026,004250012,1,ATL,NYK,NYK,2,4,NYK,0,6,-17.5,-1,-3.0,-0.08536585365853655,-3.9146341463414633,-3.6628053523150275,3.25,4.788661232799119,-6.0648196745571905,1.1676707823720336,-7.098010424360886,7.840573049550725
2026,004250013,1,CLE,TOR,CLE,4,3,CLE,1,7,1.7142857142857142,1,1.0,0.07317073170731703,1.2926829268292686,1.0336276218429532,-3.2,-13.129872521172164,7.946753178071605,-2.3307092349895924,4.745707645936172,9.836200400314492
2026,004250014,1,OKC,PHX,OKC,4,0,OKC,1,4,17.25,1,7.0,0.23170731707317072,9.682926829268293,9.291060023779059,7.449999999999999,9.282212801711346,-7.120421292798538,0.8486166795855281,11.495617191893887,-1.4318643299155003
2026,004250015,1,POR,SAS,SAS,1,4,SAS,0,5,-12.4,-1,-5.0,-0.24390243902439024,-8.597560975609756,-8.561461916135466,-4.300000000000001,10.079560102512321,-7.517046553910472,-6.430968314357838,-2.85226290801796,4.371513931075793
2026,004250016,1,DEN,MIN,DEN,2,4,MIN,0,6,-4.5,1,3.0,0.060975609756097615,1.7926829268292686,1.9004643757489577,8.1,-16.89231343898517,6.609914719719555,2.0862200464551,-2.5982404140078774,-0.8555454450835356
2026,004250017,1,HOU,LAL,LAL,2,4,LAL,0,6,-2.5,-1,-1.0,-0.012195121951219523,3.463414634146342,3.1814595563578427,-0.5,-2.421310792342007,2.3493636257882007,-4.356933889225253,-23.722274689833416,-8.362236274618942
2026,004250020,2,CLE,DET,DET,4,3,CLE,1,7,1.4285714285714286,-1,-3.0,-0.09756097560975607,-4.036585365853658,-3.742327508744615,-7.45,-9.859128198475869,11.115210805932795,-3.9145900172156463,6.056858216819612,-0.8011461769620505
2026,004250021,2,NYK,PHI,NYK,4,0,NYK,1,4,22.25,1,4.0,0.09756097560975607,6.512195121951219,6.318028643616834,6.949999999999999,-0.32093934935303503,6.357255180285005,-4.1990108407134645,-7.361463834206797,-13.82592386745667
2026,004250022,2,LAL,OKC,OKC,0,4,OKC,0,4,-16.0,-1,-3.0,-0.13414634146341464,-9.390243902439025,-9.351703701262176,-4.999999999999999,-7.027625528736594,6.100165066759603,-0.9036303338281098,6.2670806955883105,14.509586649779955
2026,004250023,2,MIN,SAS,SAS,2,4,SAS,0,6,-16.166666666666668,-1,-4.0,-0.1585365853658537,-4.951219512195122,-5.2032711120923265,-13.25,16.815973546996034,-5.288558289219967,-6.551932519110407,-5.8246954247932985,5.95348098701486
2026,004250030,3,CLE,NYK,NYK,0,4,NYK,0,4,-19.25,-1,-1.0,-0.012195121951219523,-2.2073170731707314,-2.2589743014139776,-2.8999999999999995,-17.236786528042593,8.71832876319134,1.8064424875024017,0.9925405017500042,3.8791293264027527
2026,004250031,3,OKC,SAS,OKC,3,4,SAS,0,7,-3.7142857142857144,1,1.0,0.024390243902439046,2.8414634146341466,2.7590835130008227,-2.0500000000000007,22.271485480780797,-12.296297679276751,-2.853517270796898,4.104700487654384,-5.117955844399973
2026,004250040,4,NYK,SAS,SAS,4,1,NYK,1,5,2.4,-1,-1.0,-0.1097560975609756,-1.975609756097561,-2.2313068278844623,-6.15,12.719220634988028,-1.075303817466768,-9.119501944814232,3.9683393281231645,-4.7726642919134035
