season,model,series,log_loss,brier,accuracy
2020,Baseline + all situations,15,0.588775404219005,0.19956942275830955,0.6666666666666666
2020,Baseline + big_deficit_lift,15,0.5502473197453578,0.19088002240115895,0.6666666666666666
2020,Baseline + close_lift,15,0.5442009794302748,0.18088435711248538,0.6666666666666666
2020,Baseline + clutch_lift,15,0.5805330089894399,0.20078682965112904,0.6666666666666666
2020,Baseline + front_running_gap,15,0.5553986720015498,0.19362949724763043,0.6666666666666666
2020,Baseline + late_trailing_lift,15,0.5471332297499575,0.18484036649126426,0.7333333333333333
2020,Baseline + recent form,15,0.550329461347679,0.19063170315170166,0.6666666666666666
2020,Seed + home court,15,0.5280472400665572,0.17992044684860165,0.6666666666666666
2020,Strength baseline,15,0.5474173211468046,0.18844829150587922,0.6666666666666666
2021,Baseline + all situations,15,0.581279021336004,0.20349381758975316,0.6666666666666666
2021,Baseline + big_deficit_lift,15,0.5767201444998429,0.1997078582590575,0.6666666666666666
2021,Baseline + close_lift,15,0.6061097556128909,0.21336967487192163,0.6666666666666666
2021,Baseline + clutch_lift,15,0.5715279511653768,0.2002951844360555,0.6666666666666666
2021,Baseline + front_running_gap,15,0.6016409395411745,0.20918424934752444,0.6666666666666666
2021,Baseline + late_trailing_lift,15,0.5807247711473686,0.2057186900795728,0.6666666666666666
2021,Baseline + recent form,15,0.6009949760045502,0.2102909808596457,0.6666666666666666
2021,Seed + home court,15,0.6112793119146918,0.2148874026993849,0.6666666666666666
2021,Strength baseline,15,0.5979204023328009,0.20970469725410615,0.6666666666666666
2022,Baseline + all situations,14,0.4820324328438147,0.16304090803440335,0.7142857142857143
2022,Baseline + big_deficit_lift,14,0.5314225203695082,0.18423737646509317,0.7142857142857143
2022,Baseline + close_lift,14,0.5145084866024202,0.17533329258781016,0.7142857142857143
2022,Baseline + clutch_lift,14,0.45454513875949354,0.15071097299206235,0.7857142857142857
2022,Baseline + front_running_gap,14,0.5286265421496342,0.1820116246021635,0.7142857142857143
2022,Baseline + late_trailing_lift,14,0.5073622759514981,0.1722943533702184,0.7142857142857143
2022,Baseline + recent form,14,0.5132279867436044,0.17333515928494375,0.7142857142857143
2022,Seed + home court,14,0.4968847009994545,0.16773673767677202,0.7142857142857143
2022,Strength baseline,14,0.5100237551198753,0.17155830726003396,0.7142857142857143
2023,Baseline + all situations,15,1.2053012519532695,0.35029662939866296,0.5333333333333333
2023,Baseline + big_deficit_lift,15,0.9762285796645214,0.33018177951973254,0.5333333333333333
2023,Baseline + close_lift,15,0.9741058866317188,0.32673259012931355,0.5333333333333333
2023,Baseline + clutch_lift,15,1.085842798745646,0.33936613228862417,0.5333333333333333
2023,Baseline + front_running_gap,15,0.998281578723862,0.33865010976178306,0.5333333333333333
2023,Baseline + late_trailing_lift,15,1.0461567239965637,0.3398202360197177,0.5333333333333333
2023,Baseline + recent form,15,0.9393348598842394,0.32655796591170966,0.5333333333333333
2023,Seed + home court,15,0.9590835269632154,0.3322542636009614,0.5333333333333333
2023,Strength baseline,15,0.939247396949341,0.3263272772111286,0.5333333333333333
2024,Baseline + all situations,15,0.5295752223438769,0.18139491986443804,0.7333333333333333
2024,Baseline + big_deficit_lift,15,0.5731116637928122,0.20465666992790485,0.6
2024,Baseline + close_lift,15,0.5969692329878579,0.2130965827895769,0.6
2024,Baseline + clutch_lift,15,0.5947366753944651,0.20855817181906294,0.6666666666666666
2024,Baseline + front_running_gap,15,0.5882536638782428,0.21009862482866107,0.6
2024,Baseline + late_trailing_lift,15,0.5984350289609118,0.21428948630100472,0.6
2024,Baseline + recent form,15,0.6052572705350646,0.21679509014248058,0.6
2024,Seed + home court,15,0.6495987152261298,0.23364646793473423,0.6
2024,Strength baseline,15,0.6005599744221385,0.21500233103598138,0.6
2025,Baseline + all situations,15,0.5708251013036134,0.2027033023878076,0.6666666666666666
2025,Baseline + big_deficit_lift,15,0.5951208895224445,0.21625874694561184,0.6
2025,Baseline + close_lift,15,0.5739543160670025,0.20352458814107535,0.6666666666666666
2025,Baseline + clutch_lift,15,0.5952094057739737,0.21385633394032674,0.6
2025,Baseline + front_running_gap,15,0.5989673224585196,0.21624255697510675,0.6
2025,Baseline + late_trailing_lift,15,0.5812799857488417,0.2049271506779059,0.6666666666666666
2025,Baseline + recent form,15,0.5759993635419571,0.20627274077966132,0.6
2025,Seed + home court,15,0.617785075968897,0.2161537181886143,0.6666666666666666
2025,Strength baseline,15,0.5858044689752028,0.20934092262041928,0.6666666666666666
2026,Baseline + all situations,15,0.6853831056442402,0.24359704707596222,0.6
2026,Baseline + big_deficit_lift,15,0.6439720462764359,0.22922081474636752,0.6
2026,Baseline + close_lift,15,0.6018569808862451,0.2109819922271797,0.6
2026,Baseline + clutch_lift,15,0.6579989969199059,0.2330989619311489,0.6
2026,Baseline + front_running_gap,15,0.6238946428977278,0.2208477685614625,0.6
2026,Baseline + late_trailing_lift,15,0.6212732210787336,0.220607973543901,0.6
2026,Baseline + recent form,15,0.6516540865687177,0.2314241500027654,0.6666666666666666
2026,Seed + home court,15,0.6149963555839348,0.21484664460214328,0.6666666666666666
2026,Strength baseline,15,0.6228705141784882,0.22103142218939692,0.6
