season,series_id,round,team_a,team_b,home_court,win_a,win_b,winner,outcome,games,point_diff_a
2016,004150010,1,CLE,DET,CLE,4,0,CLE,1,4,8.5
2016,004150011,1,IND,TOR,TOR,3,4,TOR,0,7,1.4285714285714286
2016,004150012,1,CHA,MIA,MIA,3,4,MIA,0,7,-8.857142857142858
2016,004150013,1,ATL,BOS,ATL,4,2,ATL,1,6,6.666666666666667
2016,004150014,1,GSW,HOU,GSW,4,1,GSW,1,5,18.8
2016,004150015,1,MEM,SAS,SAS,0,4,SAS,0,4,-22.0
2016,004150016,1,DAL,OKC,OKC,1,4,OKC,0,5,-18.2
2016,004150017,1,LAC,POR,LAC,2,4,POR,0,6,1.0
2016,004150020,2,ATL,CLE,CLE,0,4,CLE,0,4,-12.5
2016,004150021,2,MIA,TOR,TOR,3,4,TOR,0,7,-2.5714285714285716
2016,004150022,2,GSW,POR,GSW,4,1,GSW,1,5,4.4
2016,004150023,2,OKC,SAS,SAS,4,2,OKC,1,6,-0.5
2016,004150030,3,CLE,TOR,CLE,4,2,CLE,1,6,15.5
2016,004150031,3,GSW,OKC,GSW,4,3,GSW,1,7,-1.0
2016,004150040,4,CLE,GSW,GSW,4,3,CLE,1,7,0.5714285714285714
2017,004160010,1,BOS,CHI,BOS,4,2,BOS,1,6,6.833333333333333
2017,004160011,1,CLE,IND,CLE,4,0,CLE,1,4,4.0
2017,004160012,1,MIL,TOR,TOR,2,4,TOR,0,6,-0.6666666666666666
2017,004160013,1,ATL,WAS,WAS,2,4,WAS,0,6,-1.1666666666666667
2017,004160014,1,GSW,POR,GSW,4,0,GSW,1,4,18.0
2017,004160015,1,MEM,SAS,SAS,2,4,SAS,0,6,-8.333333333333334
2017,004160016,1,HOU,OKC,HOU,4,1,HOU,1,5,8.6
2017,004160017,1,LAC,UTA,LAC,3,4,UTA,0,7,-1.1428571428571428
2017,004160020,2,BOS,WAS,BOS,4,3,BOS,1,7,1.0
2017,004160021,2,CLE,TOR,CLE,4,0,CLE,1,4,15.25
2017,004160022,2,GSW,UTA,GSW,4,0,GSW,1,4,15.0
2017,004160023,2,HOU,SAS,SAS,2,4,SAS,0,6,-5.0
2017,004160030,3,BOS,CLE,BOS,1,4,CLE,0,5,-20.0
2017,004160031,3,GSW,SAS,GSW,4,0,GSW,1,4,16.0
2017,004160040,4,CLE,GSW,GSW,1,4,GSW,0,5,-6.8
2018,004170010,1,TOR,WAS,TOR,4,2,TOR,1,6,2.0
2018,004170011,1,BOS,MIL,BOS,4,3,BOS,1,7,0.5714285714285714
2018,004170012,1,MIA,PHI,PHI,1,4,PHI,0,5,-10.8
2018,004170013,1,CLE,IND,CLE,4,3,CLE,1,7,-5.714285714285714
2018,004170014,1,HOU,MIN,HOU,4,1,HOU,1,5,8.8
2018,004170015,1,GSW,SAS,GSW,4,1,GSW,1,5,8.8
2018,004170016,1,NOP,POR,POR,4,0,NOP,1,4,9.0
2018,004170017,1,OKC,UTA,OKC,2,4,UTA,0,6,-4.333333333333333
2018,004170020,2,CLE,TOR,TOR,4,0,CLE,1,4,14.0
2018,004170021,2,BOS,PHI,BOS,4,1,BOS,1,5,3.0
2018,004170022,2,HOU,UTA,HOU,4,1,HOU,1,5,10.0
2018,004170023,2,GSW,NOP,GSW,4,1,GSW,1,5,8.6
2018,004170030,3,BOS,CLE,BOS,3,4,CLE,0,7,-0.8571428571428571
2018,004170031,3,GSW,HOU,HOU,4,3,GSW,1,7,9.0
2018,004170040,4,CLE,GSW,GSW,0,4,GSW,0,4,-15.0
2019,004180010,1,DET,MIL,MIL,0,4,MIL,0,4,-23.75
2019,004180011,1,ORL,TOR,TOR,1,4,TOR,0,5,-14.4
2019,004180012,1,BKN,PHI,PHI,1,4,PHI,0,5,-11.0
2019,004180013,1,BOS,IND,BOS,4,0,BOS,1,4,7.5
2019,004180014,1,GSW,LAC,GSW,4,2,GSW,1,6,9.833333333333334
2019,004180015,1,DEN,SAS,DEN,4,3,DEN,1,7,1.8571428571428572
2019,004180016,1,OKC,POR,POR,1,4,POR,0,5,-5.8
2019,004180017,1,HOU,UTA,HOU,4,1,HOU,1,5,9.2
2019,004180020,2,BOS,MIL,MIL,1,4,MIL,0,5,-8.6
2019,004180021,2,PHI,TOR,TOR,3,4,TOR,0,7,-2.7142857142857144
2019,004180022,2,GSW,HOU,GSW,4,2,GSW,1,6,1.8333333333333333
2019,004180023,2,DEN,POR,DEN,3,4,POR,0,7,1.8571428571428572
2019,004180030,3,MIL,TOR,MIL,2,4,TOR,0,6,-1.0
2019,004180031,3,GSW,POR,GSW,4,0,GSW,1,4,9.5
2019,004180040,4,GSW,TOR,TOR,2,4,TOR,0,6,-5.666666666666667
2020,004190010,1,MIL,ORL,MIL,4,1,MIL,1,5,9.2
2020,004190011,1,BKN,TOR,TOR,0,4,TOR,0,4,-20.5
2020,004190012,1,BOS,PHI,BOS,4,0,BOS,1,4,11.75
2020,004190013,1,IND,MIA,IND,0,4,MIA,0,4,-10.5
2020,004190014,1,LAL,POR,LAL,4,1,LAL,1,5,10.6
2020,004190015,1,DAL,LAC,LAC,2,4,LAC,0,6,-9.666666666666666
2020,004190016,1,DEN,UTA,DEN,4,3,DEN,1,7,-3.4285714285714284
2020,004190017,1,HOU,OKC,HOU,4,3,HOU,1,7,6.428571428571429
2020,004190020,2,MIA,MIL,MIL,4,1,MIA,1,5,6.8
2020,004190021,2,BOS,TOR,TOR,4,3,BOS,1,7,5.285714285714286
2020,004190022,2,HOU,LAL,LAL,1,4,LAL,0,5,-7.2
2020,004190023,2,DEN,LAC,LAC,4,3,DEN,1,7,0.42857142857142855
2020,004190030,3,BOS,MIA,BOS,2,4,MIA,0,6,0.16666666666666666
2020,004190031,3,DEN,LAL,LAL,1,4,LAL,0,5,-4.4
2020,004190040,4,LAL,MIA,LAL,4,2,LAL,1,6,5.5
2021,004200010,1,PHI,WAS,PHI,4,1,PHI,1,5,14.0
2021,004200011,1,BKN,BOS,BKN,4,1,BKN,1,5,11.2
2021,004200012,1,MIA,MIL,MIL,0,4,MIL,0,4,-20.5
2021,004200013,1,ATL,NYK,NYK,4,1,ATL,1,5,7.0
2021,004200014,1,MEM,UTA,UTA,1,4,UTA,0,5,-8.4
2021,004200015,1,LAL,PHX,PHX,2,4,PHX,0,6,-6.5
2021,004200016,1,DEN,POR,DEN,4,2,DEN,1,6,1.3333333333333333
2021,004200017,1,DAL,LAC,LAC,3,4,LAC,0,7,-5.142857142857143
2021,004200020,2,ATL,PHI,PHI,4,3,ATL,1,7,-2.857142857142857
2021,004200021,2,BKN,MIL,BKN,3,4,MIL,0,7,2.857142857142857
2021,004200022,2,LAC,UTA,UTA,4,2,LAC,1,6,8.5
2021,004200023,2,DEN,PHX,PHX,0,4,PHX,0,4,-15.75
2021,004200030,3,ATL,MIL,MIL,2,4,MIL,0,6,-7.0
2021,004200031,3,LAC,PHX,PHX,2,4,PHX,0,6,-1.6666666666666667
2021,004200040,4,MIL,PHX,PHX,4,2,MIL,1,6,2.3333333333333335
2022,004210010,1,ATL,MIA,MIA,1,4,MIA,0,5,-12.0
2022,004210011,1,BKN,BOS,BOS,0,4,BOS,0,4,-4.5
2022,004210012,1,CHI,MIL,MIL,1,4,MIL,0,5,-14.6
2022,004210013,1,PHI,TOR,PHI,4,2,PHI,1,6,8.333333333333334
2022,004210014,1,NOP,PHX,PHX,2,4,PHX,0,6,-1.5
2022,004210015,1,MEM,MIN,MEM,4,2,MEM,1,6,5.5
2022,004210016,1,DEN,GSW,GSW,1,4,GSW,0,5,-8.0
2022,004210017,1,DAL,UTA,DAL,4,2,DAL,1,6,5.666666666666667
2022,004210020,2,MIA,PHI,MIA,4,2,MIA,1,6,7.666666666666667
2022,004210021,2,BOS,MIL,BOS,4,3,BOS,1,7,7.857142857142857
2022,004210022,2,DAL,PHX,PHX,4,3,DAL,1,7,3.142857142857143
2022,004210023,2,GSW,MEM,MEM,4,2,GSW,1,6,0.6666666666666666
2022,004210030,3,BOS,MIA,MIA,4,3,BOS,1,7,5.285714285714286
2022,004210031,3,DAL,GSW,GSW,1,4,GSW,0,5,-8.6
2022,004210040,4,BOS,GSW,GSW,2,4,GSW,0,6,-4.0
2023,004220010,1,MIA,MIL,MIL,4,1,MIA,1,5,5.2
2023,004220011,1,ATL,BOS,BOS,2,4,BOS,0,6,-5.333333333333333
2023,004220012,1,BKN,PHI,PHI,0,4,PHI,0,4,-11.25
2023,004220013,1,CLE,NYK,CLE,1,4,NYK,0,5,-5.4
2023,004220014,1,DEN,MIN,DEN,4,1,DEN,1,5,8.8
2023,004220015,1,LAL,MEM,MEM,4,2,LAL,1,6,7.5
2023,004220016,1,GSW,SAC,SAC,4,3,GSW,1,7,2.142857142857143
2023,004220017,1,LAC,PHX,PHX,1,4,PHX,0,5,-6.4
2023,004220020,2,MIA,NYK,NYK,4,2,MIA,1,6,3.8333333333333335
2023,004220021,2,BOS,PHI,BOS,4,3,BOS,1,7,8.857142857142858
2023,004220022,2,DEN,PHX,DEN,4,2,DEN,1,6,9.5
2023,004220023,2,GSW,LAL,GSW,2,4,LAL,0,6,-2.8333333333333335
2023,004220030,3,BOS,MIA,BOS,3,4,MIA,0,7,-3.857142857142857
2023,004220031,3,DEN,LAL,DEN,4,0,DEN,1,4,6.0
2023,004220040,4,DEN,MIA,DEN,4,1,DEN,1,5,8.2
2024,004230010,1,BOS,MIA,BOS,4,1,BOS,1,5,15.6
2024,004230011,1,NYK,PHI,NYK,4,2,NYK,1,6,0.16666666666666666
2024,004230012,1,IND,MIL,MIL,4,2,IND,1,6,2.8333333333333335
2024,004230013,1,CLE,ORL,CLE,4,3,CLE,1,7,-4.428571428571429
2024,004230014,1,NOP,OKC,OKC,0,4,OKC,0,4,-15.75
2024,004230015,1,DEN,LAL,DEN,4,1,DEN,1,5,2.2
2024,004230016,1,MIN,PHX,MIN,4,0,MIN,1,4,15.0
2024,004230017,1,DAL,LAC,LAC,4,2,DAL,1,6,6.666666666666667
2024,004230020,2,BOS,CLE,BOS,4,1,BOS,1,5,7.2
2024,004230021,2,IND,NYK,NYK,4,3,IND,1,7,4.0
2024,004230022,2,DAL,OKC,OKC,4,2,DAL,1,6,0.0
2024,004230023,2,DEN,MIN,DEN,3,4,MIN,0,7,-5.142857142857143
2024,004230030,3,BOS,IND,BOS,4,0,BOS,1,4,6.75
2024,004230031,3,DAL,MIN,MIN,4,1,DAL,1,5,5.8
2024,004230040,4,BOS,DAL,BOS,4,1,BOS,1,5,2.4
2025,004240010,1,CLE,MIA,CLE,4,0,CLE,1,4,30.5
2025,004240011,1,BOS,ORL,BOS,4,1,BOS,1,5,12.8
2025,004240012,1,DET,NYK,NYK,2,4,NYK,0,6,-1.3333333333333333
2025,004240013,1,IND,MIL,IND,4,1,IND,1,5,7.6
2025,004240014,1,MEM,OKC,OKC,0,4,OKC,0,4,-19.5
2025,004240015,1,GSW,HOU,HOU,4,3,GSW,1,7,0.0
2025,004240016,1,LAL,MIN,LAL,1,4,MIN,0,5,-7.0
2025,004240017,1,DEN,LAC,DEN,4,3,DEN,1,7,-0.5714285714285714
2025,004240020,2,CLE,IND,CLE,1,4,IND,0,5,-3.4
2025,004240021,2,BOS,NYK,BOS,2,4,NYK,0,6,-0.5
2025,004240022,2,DEN,OKC,OKC,3,4,OKC,0,7,-9.142857142857142
2025,004240023,2,GSW,MIN,MIN,1,4,MIN,0,5,-7.2
2025,004240030,3,IND,NYK,NYK,4,2,IND,1,6,1.8333333333333333
2025,004240031,3,MIN,OKC,OKC,1,4,OKC,0,5,-6.2
2025,004240040,4,IND,OKC,OKC,3,4,OKC,0,7,-2.7142857142857144
2026,004250010,1,DET,ORL,DET,4,3,DET,1,7,4.714285714285714
2026,004250011,1,BOS,PHI,BOS,3,4,PHI,0,7,2.857142857142857
2026,004250012,1,ATL,NYK,NYK,2,4,NYK,0,6,-17.5
2026,004250013,1,CLE,TOR,CLE,4,3,CLE,1,7,1.7142857142857142
2026,004250014,1,OKC,PHX,OKC,4,0,OKC,1,4,17.25
2026,004250015,1,POR,SAS,SAS,1,4,SAS,0,5,-12.4
2026,004250016,1,DEN,MIN,DEN,2,4,MIN,0,6,-4.5
2026,004250017,1,HOU,LAL,LAL,2,4,LAL,0,6,-2.5
2026,004250020,2,CLE,DET,DET,4,3,CLE,1,7,1.4285714285714286
2026,004250021,2,NYK,PHI,NYK,4,0,NYK,1,4,22.25
2026,004250022,2,LAL,OKC,OKC,0,4,OKC,0,4,-16.0
2026,004250023,2,MIN,SAS,SAS,2,4,SAS,0,6,-16.166666666666668
2026,004250030,3,CLE,NYK,NYK,0,4,NYK,0,4,-19.25
2026,004250031,3,OKC,SAS,OKC,3,4,SAS,0,7,-3.7142857142857144
2026,004250040,4,NYK,SAS,SAS,4,1,NYK,1,5,2.4
