season,series_id,round,team_a,team_b,winner,outcome,model,probability_a,train_series,training_last_season
2020,004190010,1,MIL,ORL,MIL,1,Seed + home court,0.9171178903969174,59,2019
2020,004190011,1,BKN,TOR,TOR,0,Seed + home court,0.15225643803947608,59,2019
2020,004190012,1,BOS,PHI,BOS,1,Seed + home court,0.7369560633264974,59,2019
2020,004190013,1,IND,MIA,MIA,0,Seed + home court,0.5850167688580413,59,2019
2020,004190014,1,LAL,POR,LAL,1,Seed + home court,0.9171178903969174,59,2019
2020,004190015,1,DAL,LAC,LAC,0,Seed + home court,0.15225643803947608,59,2019
2020,004190016,1,DEN,UTA,DEN,1,Seed + home court,0.7369560633264974,59,2019
2020,004190017,1,HOU,OKC,HOU,1,Seed + home court,0.5850167688580413,59,2019
2020,004190020,2,MIA,MIL,MIA,1,Seed + home court,0.2020372878521902,59,2019
2020,004190021,2,BOS,TOR,BOS,1,Seed + home court,0.41498323114195873,59,2019
2020,004190022,2,HOU,LAL,LAL,0,Seed + home court,0.26304393667350257,59,2019
2020,004190023,2,DEN,LAC,DEN,1,Seed + home court,0.41498323114195873,59,2019
2020,004190030,3,BOS,MIA,MIA,0,Seed + home court,0.6652557616366308,59,2019
2020,004190031,3,DEN,LAL,LAL,0,Seed + home court,0.3347442383633692,59,2019
2020,004190040,4,LAL,MIA,LAL,1,Seed + home court,0.7979627121478098,59,2019
2020,004190010,1,MIL,ORL,MIL,1,Strength baseline,0.9647438004359741,59,2019
2020,004190011,1,BKN,TOR,TOR,0,Strength baseline,0.08438046445561564,59,2019
2020,004190012,1,BOS,PHI,BOS,1,Strength baseline,0.772094849191849,59,2019
2020,004190013,1,IND,MIA,MIA,0,Strength baseline,0.5525366933897847,59,2019
2020,004190014,1,LAL,POR,LAL,1,Strength baseline,0.9516218709074323,59,2019
2020,004190015,1,DAL,LAC,LAC,0,Strength baseline,0.1483250175533977,59,2019
2020,004190016,1,DEN,UTA,DEN,1,Strength baseline,0.7112546671101825,59,2019
2020,004190017,1,HOU,OKC,HOU,1,Strength baseline,0.5725770806178963,59,2019
2020,004190020,2,MIA,MIL,MIA,1,Strength baseline,0.13578797157620748,59,2019
2020,004190021,2,BOS,TOR,BOS,1,Strength baseline,0.38712720711471005,59,2019
2020,004190022,2,HOU,LAL,LAL,0,Strength baseline,0.21331059575364306,59,2019
2020,004190023,2,DEN,LAC,DEN,1,Strength baseline,0.36031056432093533,59,2019
2020,004190030,3,BOS,MIA,MIA,0,Strength baseline,0.7002115112752488,59,2019
2020,004190031,3,DEN,LAL,LAL,0,Strength baseline,0.2723123230786003,59,2019
2020,004190040,4,LAL,MIA,LAL,1,Strength baseline,0.8294445988194185,59,2019
2020,004190010,1,MIL,ORL,MIL,1,Baseline + front_running_gap,0.9523954834407783,59,2019
2020,004190011,1,BKN,TOR,TOR,0,Baseline + front_running_gap,0.1471264901337016,59,2019
2020,004190012,1,BOS,PHI,BOS,1,Baseline + front_running_gap,0.7361080736329024,59,2019
2020,004190013,1,IND,MIA,MIA,0,Baseline + front_running_gap,0.6217911322961326,59,2019
2020,004190014,1,LAL,POR,LAL,1,Baseline + front_running_gap,0.9613133723594741,59,2019
2020,004190015,1,DAL,LAC,LAC,0,Baseline + front_running_gap,0.14683624295392914,59,2019
2020,004190016,1,DEN,UTA,DEN,1,Baseline + front_running_gap,0.6678012209446559,59,2019
2020,004190017,1,HOU,OKC,HOU,1,Baseline + front_running_gap,0.5903089389739375,59,2019
2020,004190020,2,MIA,MIL,MIA,1,Baseline + front_running_gap,0.16261230311556324,59,2019
2020,004190021,2,BOS,TOR,BOS,1,Baseline + front_running_gap,0.40457724158124236,59,2019
2020,004190022,2,HOU,LAL,LAL,0,Baseline + front_running_gap,0.2215142839092197,59,2019
2020,004190023,2,DEN,LAC,DEN,1,Baseline + front_running_gap,0.27186701144028314,59,2019
2020,004190030,3,BOS,MIA,MIA,0,Baseline + front_running_gap,0.6522387372729376,59,2019
2020,004190031,3,DEN,LAL,LAL,0,Baseline + front_running_gap,0.20343403831739942,59,2019
2020,004190040,4,LAL,MIA,LAL,1,Baseline + front_running_gap,0.8543526504377624,59,2019
2020,004190010,1,MIL,ORL,MIL,1,Baseline + big_deficit_lift,0.9645996128631968,59,2019
2020,004190011,1,BKN,TOR,TOR,0,Baseline + big_deficit_lift,0.1288491615162668,59,2019
2020,004190012,1,BOS,PHI,BOS,1,Baseline + big_deficit_lift,0.7473847199013982,59,2019
2020,004190013,1,IND,MIA,MIA,0,Baseline + big_deficit_lift,0.6093163826371762,59,2019
2020,004190014,1,LAL,POR,LAL,1,Baseline + big_deficit_lift,0.9551591218200747,59,2019
2020,004190015,1,DAL,LAC,LAC,0,Baseline + big_deficit_lift,0.1575772224601423,59,2019
2020,004190016,1,DEN,UTA,DEN,1,Baseline + big_deficit_lift,0.6661526424468361,59,2019
2020,004190017,1,HOU,OKC,HOU,1,Baseline + big_deficit_lift,0.5910197520465407,59,2019
2020,004190020,2,MIA,MIL,MIA,1,Baseline + big_deficit_lift,0.15512572831681284,59,2019
2020,004190021,2,BOS,TOR,BOS,1,Baseline + big_deficit_lift,0.39350431558980314,59,2019
2020,004190022,2,HOU,LAL,LAL,0,Baseline + big_deficit_lift,0.22475233646720044,59,2019
2020,004190023,2,DEN,LAC,DEN,1,Baseline + big_deficit_lift,0.30226883258547427,59,2019
2020,004190030,3,BOS,MIA,MIA,0,Baseline + big_deficit_lift,0.640066713191648,59,2019
2020,004190031,3,DEN,LAL,LAL,0,Baseline + big_deficit_lift,0.22021560910153756,59,2019
2020,004190040,4,LAL,MIA,LAL,1,Baseline + big_deficit_lift,0.8340733149181856,59,2019
2020,004190010,1,MIL,ORL,MIL,1,Baseline + close_lift,0.980966685140676,59,2019
2020,004190011,1,BKN,TOR,TOR,0,Baseline + close_lift,0.10962900663108775,59,2019
2020,004190012,1,BOS,PHI,BOS,1,Baseline + close_lift,0.7279247813791806,59,2019
2020,004190013,1,IND,MIA,MIA,0,Baseline + close_lift,0.5130602941565845,59,2019
2020,004190014,1,LAL,POR,LAL,1,Baseline + close_lift,0.9530511923841475,59,2019
2020,004190015,1,DAL,LAC,LAC,0,Baseline + close_lift,0.14455410976356192,59,2019
2020,004190016,1,DEN,UTA,DEN,1,Baseline + close_lift,0.7183458719898672,59,2019
2020,004190017,1,HOU,OKC,HOU,1,Baseline + close_lift,0.6741420670620016,59,2019
2020,004190020,2,MIA,MIL,MIA,1,Baseline + close_lift,0.09714148547060979,59,2019
2020,004190021,2,BOS,TOR,BOS,1,Baseline + close_lift,0.3590915044438481,59,2019
2020,004190022,2,HOU,LAL,LAL,0,Baseline + close_lift,0.24215167882343985,59,2019
2020,004190023,2,DEN,LAC,DEN,1,Baseline + close_lift,0.39220081819549313,59,2019
2020,004190030,3,BOS,MIA,MIA,0,Baseline + close_lift,0.6443600603338496,59,2019
2020,004190031,3,DEN,LAL,LAL,0,Baseline + close_lift,0.2402667439140139,59,2019
2020,004190040,4,LAL,MIA,LAL,1,Baseline + close_lift,0.8323283400739098,59,2019
2020,004190010,1,MIL,ORL,MIL,1,Baseline + clutch_lift,0.9707995623398908,59,2019
2020,004190011,1,BKN,TOR,TOR,0,Baseline + clutch_lift,0.07723715133673358,59,2019
2020,004190012,1,BOS,PHI,BOS,1,Baseline + clutch_lift,0.7657635259480974,59,2019
2020,004190013,1,IND,MIA,MIA,0,Baseline + clutch_lift,0.6103306350608994,59,2019
2020,004190014,1,LAL,POR,LAL,1,Baseline + clutch_lift,0.9464258629453751,59,2019
2020,004190015,1,DAL,LAC,LAC,0,Baseline + clutch_lift,0.13675283513480016,59,2019
2020,004190016,1,DEN,UTA,DEN,1,Baseline + clutch_lift,0.7230602583223549,59,2019
2020,004190017,1,HOU,OKC,HOU,1,Baseline + clutch_lift,0.5525002328129933,59,2019
2020,004190020,2,MIA,MIL,MIA,1,Baseline + clutch_lift,0.11077077582420947,59,2019
2020,004190021,2,BOS,TOR,BOS,1,Baseline + clutch_lift,0.34070267354723904,59,2019
2020,004190022,2,HOU,LAL,LAL,0,Baseline + clutch_lift,0.23608796140918048,59,2019
2020,004190023,2,DEN,LAC,DEN,1,Baseline + clutch_lift,0.392935699518342,59,2019
2020,004190030,3,BOS,MIA,MIA,0,Baseline + clutch_lift,0.7203983406048727,59,2019
2020,004190031,3,DEN,LAL,LAL,0,Baseline + clutch_lift,0.29676372836450426,59,2019
2020,004190040,4,LAL,MIA,LAL,1,Baseline + clutch_lift,0.8503933300200412,59,2019
2020,004190010,1,MIL,ORL,MIL,1,Baseline + late_trailing_lift,0.9692102313299266,59,2019
2020,004190011,1,BKN,TOR,TOR,0,Baseline + late_trailing_lift,0.08593906503039454,59,2019
2020,004190012,1,BOS,PHI,BOS,1,Baseline + late_trailing_lift,0.7700097059538592,59,2019
2020,004190013,1,IND,MIA,MIA,0,Baseline + late_trailing_lift,0.49705704652690225,59,2019
2020,004190014,1,LAL,POR,LAL,1,Baseline + late_trailing_lift,0.9544897204318484,59,2019
2020,004190015,1,DAL,LAC,LAC,0,Baseline + late_trailing_lift,0.138666585623825,59,2019
2020,004190016,1,DEN,UTA,DEN,1,Baseline + late_trailing_lift,0.7066212010550935,59,2019
2020,004190017,1,HOU,OKC,HOU,1,Baseline + late_trailing_lift,0.6554014227231685,59,2019
2020,004190020,2,MIA,MIL,MIA,1,Baseline + late_trailing_lift,0.11361530802107489,59,2019
2020,004190021,2,BOS,TOR,BOS,1,Baseline + late_trailing_lift,0.3937642917266165,59,2019
2020,004190022,2,HOU,LAL,LAL,0,Baseline + late_trailing_lift,0.2331020756061524,59,2019
2020,004190023,2,DEN,LAC,DEN,1,Baseline + late_trailing_lift,0.3501003882235703,59,2019
2020,004190030,3,BOS,MIA,MIA,0,Baseline + late_trailing_lift,0.710116394261555,59,2019
2020,004190031,3,DEN,LAL,LAL,0,Baseline + late_trailing_lift,0.26389689949023043,59,2019
2020,004190040,4,LAL,MIA,LAL,1,Baseline + late_trailing_lift,0.8145834178047342,59,2019
2020,004190010,1,MIL,ORL,MIL,1,Baseline + all situations,0.977766475334138,59,2019
2020,004190011,1,BKN,TOR,TOR,0,Baseline + all situations,0.14888939816608007,59,2019
2020,004190012,1,BOS,PHI,BOS,1,Baseline + all situations,0.6970573219416949,59,2019
2020,004190013,1,IND,MIA,MIA,0,Baseline + all situations,0.6122904340631294,59,2019
2020,004190014,1,LAL,POR,LAL,1,Baseline + all situations,0.9574166530221316,59,2019
2020,004190015,1,DAL,LAC,LAC,0,Baseline + all situations,0.12378800218114358,59,2019
2020,004190016,1,DEN,UTA,DEN,1,Baseline + all situations,0.6928061297587441,59,2019
2020,004190017,1,HOU,OKC,HOU,1,Baseline + all situations,0.6948395349911953,59,2019
2020,004190020,2,MIA,MIL,MIA,1,Baseline + all situations,0.08672643540070636,59,2019
2020,004190021,2,BOS,TOR,BOS,1,Baseline + all situations,0.33224009067288357,59,2019
2020,004190022,2,HOU,LAL,LAL,0,Baseline + all situations,0.2883056407247337,59,2019
2020,004190023,2,DEN,LAC,DEN,1,Baseline + all situations,0.33460081424919497,59,2019
2020,004190030,3,BOS,MIA,MIA,0,Baseline + all situations,0.6557715402877718,59,2019
2020,004190031,3,DEN,LAL,LAL,0,Baseline + all situations,0.21378591972534988,59,2019
2020,004190040,4,LAL,MIA,LAL,1,Baseline + all situations,0.865878893917721,59,2019
2020,004190010,1,MIL,ORL,MIL,1,Baseline + recent form,0.961727328089944,59,2019
2020,004190011,1,BKN,TOR,TOR,0,Baseline + recent form,0.08100166253941309,59,2019
2020,004190012,1,BOS,PHI,BOS,1,Baseline + recent form,0.7692609773317777,59,2019
2020,004190013,1,IND,MIA,MIA,0,Baseline + recent form,0.5461433836803599,59,2019
2020,004190014,1,LAL,POR,LAL,1,Baseline + recent form,0.9507387787103646,59,2019
2020,004190015,1,DAL,LAC,LAC,0,Baseline + recent form,0.13221299661505007,59,2019
2020,004190016,1,DEN,UTA,DEN,1,Baseline + recent form,0.7118927491496514,59,2019
2020,004190017,1,HOU,OKC,HOU,1,Baseline + recent form,0.5756591710537702,59,2019
2020,004190020,2,MIA,MIL,MIA,1,Baseline + recent form,0.1431065220745354,59,2019
2020,004190021,2,BOS,TOR,BOS,1,Baseline + recent form,0.3797372277846734,59,2019
2020,004190022,2,HOU,LAL,LAL,0,Baseline + recent form,0.21492392481395145,59,2019
2020,004190023,2,DEN,LAC,DEN,1,Baseline + recent form,0.32072821649668054,59,2019
2020,004190030,3,BOS,MIA,MIA,0,Baseline + recent form,0.7003400474672318,59,2019
2020,004190031,3,DEN,LAL,LAL,0,Baseline + recent form,0.2625473547651933,59,2019
2020,004190040,4,LAL,MIA,LAL,1,Baseline + recent form,0.8240555971419782,59,2019
2021,004200010,1,PHI,WAS,PHI,1,Seed + home court,0.9450646186217135,74,2020
2021,004200011,1,BKN,BOS,BKN,1,Seed + home court,0.8961827375114786,74,2020
2021,004200012,1,MIA,MIL,MIL,0,Seed + home court,0.18756225663256093,74,2020
2021,004200013,1,ATL,NYK,ATL,1,Seed + home court,0.315108189572556,74,2020
2021,004200014,1,MEM,UTA,UTA,0,Seed + home court,0.05493538137828641,74,2020
2021,004200015,1,LAL,PHX,PHX,0,Seed + home court,0.10381726248852145,74,2020
2021,004200016,1,DEN,POR,DEN,1,Seed + home court,0.812437743367439,74,2020
2021,004200017,1,DAL,LAC,LAC,0,Seed + home court,0.315108189572556,74,2020
2021,004200020,2,ATL,PHI,ATL,1,Seed + home court,0.14055109711169703,74,2020
2021,004200021,2,BKN,MIL,MIL,0,Seed + home court,0.684891810427444,74,2020
2021,004200022,2,LAC,UTA,LAC,1,Seed + home court,0.18756225663256093,74,2020
2021,004200023,2,DEN,PHX,PHX,0,Seed + home court,0.315108189572556,74,2020
2021,004200030,3,ATL,MIL,MIL,0,Seed + home court,0.24580050677529267,74,2020
2021,004200031,3,LAC,PHX,PHX,0,Seed + home court,0.24580050677529267,74,2020
2021,004200040,4,MIL,PHX,MIL,1,Seed + home court,0.315108189572556,74,2020
2021,004200010,1,PHI,WAS,PHI,1,Strength baseline,0.9489861341780896,74,2020
2021,004200011,1,BKN,BOS,BKN,1,Strength baseline,0.9034603527001998,74,2020
2021,004200012,1,MIA,MIL,MIL,0,Strength baseline,0.1950711804885483,74,2020
2021,004200013,1,ATL,NYK,ATL,1,Strength baseline,0.3520852113381026,74,2020
2021,004200014,1,MEM,UTA,UTA,0,Strength baseline,0.05307961796740256,74,2020
2021,004200015,1,LAL,PHX,PHX,0,Strength baseline,0.10775965943750498,74,2020
2021,004200016,1,DEN,POR,DEN,1,Strength baseline,0.7990114013679501,74,2020
2021,004200017,1,DAL,LAC,LAC,0,Strength baseline,0.30813855219997677,74,2020
2021,004200020,2,ATL,PHI,ATL,1,Strength baseline,0.14337151970057158,74,2020
2021,004200021,2,BKN,MIL,MIL,0,Strength baseline,0.6667025188049917,74,2020
2021,004200022,2,LAC,UTA,LAC,1,Strength baseline,0.20097401798233894,74,2020
2021,004200023,2,DEN,PHX,PHX,0,Strength baseline,0.3160523769097169,74,2020
2021,004200030,3,ATL,MIL,MIL,0,Strength baseline,0.250785537402839,74,2020
2021,004200031,3,LAC,PHX,PHX,0,Strength baseline,0.25754942177406104,74,2020
2021,004200040,4,MIL,PHX,MIL,1,Strength baseline,0.30706052887288077,74,2020
2021,004200010,1,PHI,WAS,PHI,1,Baseline + front_running_gap,0.9532456701479858,74,2020
2021,004200011,1,BKN,BOS,BKN,1,Baseline + front_running_gap,0.8979660920032285,74,2020
2021,004200012,1,MIA,MIL,MIL,0,Baseline + front_running_gap,0.1826776400316459,74,2020
2021,004200013,1,ATL,NYK,ATL,1,Baseline + front_running_gap,0.31448560286865074,74,2020
2021,004200014,1,MEM,UTA,UTA,0,Baseline + front_running_gap,0.06406702719730026,74,2020
2021,004200015,1,LAL,PHX,PHX,0,Baseline + front_running_gap,0.07205752036898039,74,2020
2021,004200016,1,DEN,POR,DEN,1,Baseline + front_running_gap,0.7291599763621349,74,2020
2021,004200017,1,DAL,LAC,LAC,0,Baseline + front_running_gap,0.36335553386068775,74,2020
2021,004200020,2,ATL,PHI,ATL,1,Baseline + front_running_gap,0.12536966058705584,74,2020
2021,004200021,2,BKN,MIL,MIL,0,Baseline + front_running_gap,0.5524272095863797,74,2020
2021,004200022,2,LAC,UTA,LAC,1,Baseline + front_running_gap,0.18581923497425581,74,2020
2021,004200023,2,DEN,PHX,PHX,0,Baseline + front_running_gap,0.20519764837533896,74,2020
2021,004200030,3,ATL,MIL,MIL,0,Baseline + front_running_gap,0.22557577193702022,74,2020
2021,004200031,3,LAC,PHX,PHX,0,Baseline + front_running_gap,0.19969512993552305,74,2020
2021,004200040,4,MIL,PHX,MIL,1,Baseline + front_running_gap,0.2642865410580127,74,2020
2021,004200010,1,PHI,WAS,PHI,1,Baseline + big_deficit_lift,0.9533650131417148,74,2020
2021,004200011,1,BKN,BOS,BKN,1,Baseline + big_deficit_lift,0.8943702836112287,74,2020
2021,004200012,1,MIA,MIL,MIL,0,Baseline + big_deficit_lift,0.21427966757600428,74,2020
2021,004200013,1,ATL,NYK,ATL,1,Baseline + big_deficit_lift,0.34193629592535835,74,2020
2021,004200014,1,MEM,UTA,UTA,0,Baseline + big_deficit_lift,0.07060628300995864,74,2020
2021,004200015,1,LAL,PHX,PHX,0,Baseline + big_deficit_lift,0.07731836626089861,74,2020
2021,004200016,1,DEN,POR,DEN,1,Baseline + big_deficit_lift,0.7659090672620357,74,2020
2021,004200017,1,DAL,LAC,LAC,0,Baseline + big_deficit_lift,0.32385107401741225,74,2020
2021,004200020,2,ATL,PHI,ATL,1,Baseline + big_deficit_lift,0.13801419990280342,74,2020
2021,004200021,2,BKN,MIL,MIL,0,Baseline + big_deficit_lift,0.5444948282904774,74,2020
2021,004200022,2,LAC,UTA,LAC,1,Baseline + big_deficit_lift,0.21471053580573934,74,2020
2021,004200023,2,DEN,PHX,PHX,0,Baseline + big_deficit_lift,0.2424299896907115,74,2020
2021,004200030,3,ATL,MIL,MIL,0,Baseline + big_deficit_lift,0.24524133908502999,74,2020
2021,004200031,3,LAC,PHX,PHX,0,Baseline + big_deficit_lift,0.23289830951205712,74,2020
2021,004200040,4,MIL,PHX,MIL,1,Baseline + big_deficit_lift,0.29052877197085836,74,2020
2021,004200010,1,PHI,WAS,PHI,1,Baseline + close_lift,0.9601460924334105,74,2020
2021,004200011,1,BKN,BOS,BKN,1,Baseline + close_lift,0.906199728355047,74,2020
2021,004200012,1,MIA,MIL,MIL,0,Baseline + close_lift,0.2627210939998756,74,2020
2021,004200013,1,ATL,NYK,ATL,1,Baseline + close_lift,0.33271530318191567,74,2020
2021,004200014,1,MEM,UTA,UTA,0,Baseline + close_lift,0.09276969434053947,74,2020
2021,004200015,1,LAL,PHX,PHX,0,Baseline + close_lift,0.0771518570465657,74,2020
2021,004200016,1,DEN,POR,DEN,1,Baseline + close_lift,0.8169757563056336,74,2020
2021,004200017,1,DAL,LAC,LAC,0,Baseline + close_lift,0.31465168492692264,74,2020
2021,004200020,2,ATL,PHI,ATL,1,Baseline + close_lift,0.14136669115003156,74,2020
2021,004200021,2,BKN,MIL,MIL,0,Baseline + close_lift,0.6437947305036142,74,2020
2021,004200022,2,LAC,UTA,LAC,1,Baseline + close_lift,0.23409951214135158,74,2020
2021,004200023,2,DEN,PHX,PHX,0,Baseline + close_lift,0.26532197398446744,74,2020
2021,004200030,3,ATL,MIL,MIL,0,Baseline + close_lift,0.2915699259977579,74,2020
2021,004200031,3,LAC,PHX,PHX,0,Baseline + close_lift,0.17965783675582866,74,2020
2021,004200040,4,MIL,PHX,MIL,1,Baseline + close_lift,0.22360268215133489,74,2020
2021,004200010,1,PHI,WAS,PHI,1,Baseline + clutch_lift,0.9498642943132467,74,2020
2021,004200011,1,BKN,BOS,BKN,1,Baseline + clutch_lift,0.8936033251970005,74,2020
2021,004200012,1,MIA,MIL,MIL,0,Baseline + clutch_lift,0.19983064134443576,74,2020
2021,004200013,1,ATL,NYK,ATL,1,Baseline + clutch_lift,0.38772689541079647,74,2020
2021,004200014,1,MEM,UTA,UTA,0,Baseline + clutch_lift,0.054051641930240674,74,2020
2021,004200015,1,LAL,PHX,PHX,0,Baseline + clutch_lift,0.08540905118206396,74,2020
2021,004200016,1,DEN,POR,DEN,1,Baseline + clutch_lift,0.8463747040968729,74,2020
2021,004200017,1,DAL,LAC,LAC,0,Baseline + clutch_lift,0.29654190744489595,74,2020
2021,004200020,2,ATL,PHI,ATL,1,Baseline + clutch_lift,0.15792510245196076,74,2020
2021,004200021,2,BKN,MIL,MIL,0,Baseline + clutch_lift,0.6492389275607189,74,2020
2021,004200022,2,LAC,UTA,LAC,1,Baseline + clutch_lift,0.21152239311875076,74,2020
2021,004200023,2,DEN,PHX,PHX,0,Baseline + clutch_lift,0.28252367731830974,74,2020
2021,004200030,3,ATL,MIL,MIL,0,Baseline + clutch_lift,0.24468230665392737,74,2020
2021,004200031,3,LAC,PHX,PHX,0,Baseline + clutch_lift,0.2618424333945755,74,2020
2021,004200040,4,MIL,PHX,MIL,1,Baseline + clutch_lift,0.2975184053392228,74,2020
2021,004200010,1,PHI,WAS,PHI,1,Baseline + late_trailing_lift,0.9522580326910474,74,2020
2021,004200011,1,BKN,BOS,BKN,1,Baseline + late_trailing_lift,0.9235862546497314,74,2020
2021,004200012,1,MIA,MIL,MIL,0,Baseline + late_trailing_lift,0.18920792986488075,74,2020
2021,004200013,1,ATL,NYK,ATL,1,Baseline + late_trailing_lift,0.297597074183049,74,2020
2021,004200014,1,MEM,UTA,UTA,0,Baseline + late_trailing_lift,0.05893623841118822,74,2020
2021,004200015,1,LAL,PHX,PHX,0,Baseline + late_trailing_lift,0.10946303824627322,74,2020
2021,004200016,1,DEN,POR,DEN,1,Baseline + late_trailing_lift,0.8587444873916898,74,2020
2021,004200017,1,DAL,LAC,LAC,0,Baseline + late_trailing_lift,0.24417093106182772,74,2020
2021,004200020,2,ATL,PHI,ATL,1,Baseline + late_trailing_lift,0.16298898473341508,74,2020
2021,004200021,2,BKN,MIL,MIL,0,Baseline + late_trailing_lift,0.6647592230876213,74,2020
2021,004200022,2,LAC,UTA,LAC,1,Baseline + late_trailing_lift,0.21904945350196842,74,2020
2021,004200023,2,DEN,PHX,PHX,0,Baseline + late_trailing_lift,0.35215034232341,74,2020
2021,004200030,3,ATL,MIL,MIL,0,Baseline + late_trailing_lift,0.22410837604445885,74,2020
2021,004200031,3,LAC,PHX,PHX,0,Baseline + late_trailing_lift,0.30282691958192137,74,2020
2021,004200040,4,MIL,PHX,MIL,1,Baseline + late_trailing_lift,0.3403412302363041,74,2020
2021,004200010,1,PHI,WAS,PHI,1,Baseline + all situations,0.9631961017997126,74,2020
2021,004200011,1,BKN,BOS,BKN,1,Baseline + all situations,0.9031112123804547,74,2020
2021,004200012,1,MIA,MIL,MIL,0,Baseline + all situations,0.23759700539021658,74,2020
2021,004200013,1,ATL,NYK,ATL,1,Baseline + all situations,0.3077374147330783,74,2020
2021,004200014,1,MEM,UTA,UTA,0,Baseline + all situations,0.10487936351675589,74,2020
2021,004200015,1,LAL,PHX,PHX,0,Baseline + all situations,0.04618129169549165,74,2020
2021,004200016,1,DEN,POR,DEN,1,Baseline + all situations,0.8372730285037157,74,2020
2021,004200017,1,DAL,LAC,LAC,0,Baseline + all situations,0.3209894941385921,74,2020
2021,004200020,2,ATL,PHI,ATL,1,Baseline + all situations,0.14576151553483957,74,2020
2021,004200021,2,BKN,MIL,MIL,0,Baseline + all situations,0.5403963907940479,74,2020
2021,004200022,2,LAC,UTA,LAC,1,Baseline + all situations,0.22970684281326473,74,2020
2021,004200023,2,DEN,PHX,PHX,0,Baseline + all situations,0.17346170122825377,74,2020
2021,004200030,3,ATL,MIL,MIL,0,Baseline + all situations,0.2429303968689325,74,2020
2021,004200031,3,LAC,PHX,PHX,0,Baseline + all situations,0.1626176333918638,74,2020
2021,004200040,4,MIL,PHX,MIL,1,Baseline + all situations,0.20458380020699524,74,2020
2021,004200010,1,PHI,WAS,PHI,1,Baseline + recent form,0.9452367732137428,74,2020
2021,004200011,1,BKN,BOS,BKN,1,Baseline + recent form,0.9052408152139957,74,2020
2021,004200012,1,MIA,MIL,MIL,0,Baseline + recent form,0.1908685243372471,74,2020
2021,004200013,1,ATL,NYK,ATL,1,Baseline + recent form,0.3387864180214325,74,2020
2021,004200014,1,MEM,UTA,UTA,0,Baseline + recent form,0.04937382613754551,74,2020
2021,004200015,1,LAL,PHX,PHX,0,Baseline + recent form,0.1036286196790253,74,2020
2021,004200016,1,DEN,POR,DEN,1,Baseline + recent form,0.7831406534674823,74,2020
2021,004200017,1,DAL,LAC,LAC,0,Baseline + recent form,0.3087264505216426,74,2020
2021,004200020,2,ATL,PHI,ATL,1,Baseline + recent form,0.13714353741392638,74,2020
2021,004200021,2,BKN,MIL,MIL,0,Baseline + recent form,0.6569209199481222,74,2020
2021,004200022,2,LAC,UTA,LAC,1,Baseline + recent form,0.19555202157820442,74,2020
2021,004200023,2,DEN,PHX,PHX,0,Baseline + recent form,0.3204331419122178,74,2020
2021,004200030,3,ATL,MIL,MIL,0,Baseline + recent form,0.24641780996094526,74,2020
2021,004200031,3,LAC,PHX,PHX,0,Baseline + recent form,0.2643765396124438,74,2020
2021,004200040,4,MIL,PHX,MIL,1,Baseline + recent form,0.32417566559245775,74,2020
2022,004210010,1,ATL,MIA,MIA,0,Seed + home court,0.06181722953545413,89,2021
2022,004210011,1,BKN,BOS,BOS,0,Seed + home court,0.11672907382053621,89,2021
2022,004210012,1,CHI,MIL,MIL,0,Seed + home court,0.20952515788968692,89,2021
2022,004210013,1,PHI,TOR,PHI,1,Seed + home court,0.6528983307823321,89,2021
2022,004210014,1,NOP,PHX,PHX,0,Seed + home court,0.06181722953545413,89,2021
2022,004210015,1,MEM,MIN,MEM,1,Seed + home court,0.8832709261794638,89,2021
2022,004210017,1,DAL,UTA,DAL,1,Seed + home court,0.6528983307823321,89,2021
2022,004210020,2,MIA,PHI,MIA,1,Seed + home court,0.7904748421103132,89,2021
2022,004210021,2,BOS,MIL,BOS,1,Seed + home court,0.6528983307823321,89,2021
2022,004210022,2,DAL,PHX,DAL,1,Seed + home court,0.20952515788968692,89,2021
2022,004210023,2,GSW,MEM,GSW,1,Seed + home court,0.34710166921766794,89,2021
2022,004210030,3,BOS,MIA,BOS,1,Seed + home court,0.34710166921766794,89,2021
2022,004210031,3,DAL,GSW,GSW,0,Seed + home court,0.34710166921766794,89,2021
2022,004210040,4,BOS,GSW,GSW,0,Seed + home court,0.5160401525382813,89,2021
2022,004210010,1,ATL,MIA,MIA,0,Strength baseline,0.08091455347785752,89,2021
2022,004210011,1,BKN,BOS,BOS,0,Strength baseline,0.12077507916347784,89,2021
2022,004210012,1,CHI,MIL,MIL,0,Strength baseline,0.21933027849210043,89,2021
2022,004210013,1,PHI,TOR,PHI,1,Strength baseline,0.6262490289478246,89,2021
2022,004210014,1,NOP,PHX,PHX,0,Strength baseline,0.03591901785157187,89,2021
2022,004210015,1,MEM,MIN,MEM,1,Strength baseline,0.8718873844632619,89,2021
2022,004210017,1,DAL,UTA,DAL,1,Strength baseline,0.5926862715527556,89,2021
2022,004210020,2,MIA,PHI,MIA,1,Strength baseline,0.74582450884458,89,2021
2022,004210021,2,BOS,MIL,BOS,1,Strength baseline,0.6441198984025349,89,2021
2022,004210022,2,DAL,PHX,DAL,1,Strength baseline,0.17980274575815708,89,2021
2022,004210023,2,GSW,MEM,GSW,1,Strength baseline,0.37661693031150567,89,2021
2022,004210030,3,BOS,MIA,BOS,1,Strength baseline,0.417273082931153,89,2021
2022,004210031,3,DAL,GSW,GSW,0,Strength baseline,0.3661372278570395,89,2021
2022,004210040,4,BOS,GSW,GSW,0,Strength baseline,0.5320399628428601,89,2021
2022,004210010,1,ATL,MIA,MIA,0,Baseline + front_running_gap,0.07054419167301208,89,2021
2022,004210011,1,BKN,BOS,BOS,0,Baseline + front_running_gap,0.10229456021568506,89,2021
2022,004210012,1,CHI,MIL,MIL,0,Baseline + front_running_gap,0.1956669573381842,89,2021
2022,004210013,1,PHI,TOR,PHI,1,Baseline + front_running_gap,0.6194109577839849,89,2021
2022,004210014,1,NOP,PHX,PHX,0,Baseline + front_running_gap,0.044590203117776804,89,2021
2022,004210015,1,MEM,MIN,MEM,1,Baseline + front_running_gap,0.8986281076732788,89,2021
2022,004210017,1,DAL,UTA,DAL,1,Baseline + front_running_gap,0.6362206399376875,89,2021
2022,004210020,2,MIA,PHI,MIA,1,Baseline + front_running_gap,0.7486407354164647,89,2021
2022,004210021,2,BOS,MIL,BOS,1,Baseline + front_running_gap,0.6195357151390051,89,2021
2022,004210022,2,DAL,PHX,DAL,1,Baseline + front_running_gap,0.20378145828678584,89,2021
2022,004210023,2,GSW,MEM,GSW,1,Baseline + front_running_gap,0.25858246284391656,89,2021
2022,004210030,3,BOS,MIA,BOS,1,Baseline + front_running_gap,0.4459072929123007,89,2021
2022,004210031,3,DAL,GSW,GSW,0,Baseline + front_running_gap,0.42699244110762796,89,2021
2022,004210040,4,BOS,GSW,GSW,0,Baseline + front_running_gap,0.5692528280557357,89,2021
2022,004210010,1,ATL,MIA,MIA,0,Baseline + big_deficit_lift,0.05904586094676144,89,2021
2022,004210011,1,BKN,BOS,BOS,0,Baseline + big_deficit_lift,0.12368251921909858,89,2021
2022,004210012,1,CHI,MIL,MIL,0,Baseline + big_deficit_lift,0.1803789489380528,89,2021
2022,004210013,1,PHI,TOR,PHI,1,Baseline + big_deficit_lift,0.6974460847078358,89,2021
2022,004210014,1,NOP,PHX,PHX,0,Baseline + big_deficit_lift,0.03590597582468533,89,2021
2022,004210015,1,MEM,MIN,MEM,1,Baseline + big_deficit_lift,0.9122615641810986,89,2021
2022,004210017,1,DAL,UTA,DAL,1,Baseline + big_deficit_lift,0.6390518390572923,89,2021
2022,004210020,2,MIA,PHI,MIA,1,Baseline + big_deficit_lift,0.7427261062210978,89,2021
2022,004210021,2,BOS,MIL,BOS,1,Baseline + big_deficit_lift,0.5294182979997593,89,2021
2022,004210022,2,DAL,PHX,DAL,1,Baseline + big_deficit_lift,0.1986535337261507,89,2021
2022,004210023,2,GSW,MEM,GSW,1,Baseline + big_deficit_lift,0.2777384076022892,89,2021
2022,004210030,3,BOS,MIA,BOS,1,Baseline + big_deficit_lift,0.3506596263014007,89,2021
2022,004210031,3,DAL,GSW,GSW,0,Baseline + big_deficit_lift,0.41451966020511544,89,2021
2022,004210040,4,BOS,GSW,GSW,0,Baseline + big_deficit_lift,0.5022636519975392,89,2021
2022,004210010,1,ATL,MIA,MIA,0,Baseline + close_lift,0.07535777946863972,89,2021
2022,004210011,1,BKN,BOS,BOS,0,Baseline + close_lift,0.12853959499340953,89,2021
2022,004210012,1,CHI,MIL,MIL,0,Baseline + close_lift,0.2509945698898501,89,2021
2022,004210013,1,PHI,TOR,PHI,1,Baseline + close_lift,0.648236457609312,89,2021
2022,004210014,1,NOP,PHX,PHX,0,Baseline + close_lift,0.03364308400328635,89,2021
2022,004210015,1,MEM,MIN,MEM,1,Baseline + close_lift,0.8813905455315951,89,2021
2022,004210017,1,DAL,UTA,DAL,1,Baseline + close_lift,0.6069845484203987,89,2021
2022,004210020,2,MIA,PHI,MIA,1,Baseline + close_lift,0.7514880031983175,89,2021
2022,004210021,2,BOS,MIL,BOS,1,Baseline + close_lift,0.6177230053221017,89,2021
2022,004210022,2,DAL,PHX,DAL,1,Baseline + close_lift,0.20963158839037327,89,2021
2022,004210023,2,GSW,MEM,GSW,1,Baseline + close_lift,0.34084287088433074,89,2021
2022,004210030,3,BOS,MIA,BOS,1,Baseline + close_lift,0.38962226614310785,89,2021
2022,004210031,3,DAL,GSW,GSW,0,Baseline + close_lift,0.38981483571065884,89,2021
2022,004210040,4,BOS,GSW,GSW,0,Baseline + close_lift,0.5333731908377718,89,2021
2022,004210010,1,ATL,MIA,MIA,0,Baseline + clutch_lift,0.09166397325118705,89,2021
2022,004210011,1,BKN,BOS,BOS,0,Baseline + clutch_lift,0.08073674771420997,89,2021
2022,004210012,1,CHI,MIL,MIL,0,Baseline + clutch_lift,0.22130200895857727,89,2021
2022,004210013,1,PHI,TOR,PHI,1,Baseline + clutch_lift,0.7026003307084308,89,2021
2022,004210014,1,NOP,PHX,PHX,0,Baseline + clutch_lift,0.054079039256037964,89,2021
2022,004210015,1,MEM,MIN,MEM,1,Baseline + clutch_lift,0.8651591687834468,89,2021
2022,004210017,1,DAL,UTA,DAL,1,Baseline + clutch_lift,0.6136399469468202,89,2021
2022,004210020,2,MIA,PHI,MIA,1,Baseline + clutch_lift,0.7391573793426002,89,2021
2022,004210021,2,BOS,MIL,BOS,1,Baseline + clutch_lift,0.7656627611757129,89,2021
2022,004210022,2,DAL,PHX,DAL,1,Baseline + clutch_lift,0.33359577915784033,89,2021
2022,004210023,2,GSW,MEM,GSW,1,Baseline + clutch_lift,0.40020851749419145,89,2021
2022,004210030,3,BOS,MIA,BOS,1,Baseline + clutch_lift,0.5002788578244844,89,2021
2022,004210031,3,DAL,GSW,GSW,0,Baseline + clutch_lift,0.4537933911530733,89,2021
2022,004210040,4,BOS,GSW,GSW,0,Baseline + clutch_lift,0.6362265367545664,89,2021
2022,004210010,1,ATL,MIA,MIA,0,Baseline + late_trailing_lift,0.09960586408014512,89,2021
2022,004210011,1,BKN,BOS,BOS,0,Baseline + late_trailing_lift,0.10336121203085054,89,2021
2022,004210012,1,CHI,MIL,MIL,0,Baseline + late_trailing_lift,0.21669114021253516,89,2021
2022,004210013,1,PHI,TOR,PHI,1,Baseline + late_trailing_lift,0.6163065274453258,89,2021
2022,004210014,1,NOP,PHX,PHX,0,Baseline + late_trailing_lift,0.08793276464569558,89,2021
2022,004210015,1,MEM,MIN,MEM,1,Baseline + late_trailing_lift,0.8410482639576178,89,2021
2022,004210017,1,DAL,UTA,DAL,1,Baseline + late_trailing_lift,0.5291384897531024,89,2021
2022,004210020,2,MIA,PHI,MIA,1,Baseline + late_trailing_lift,0.8040612448063356,89,2021
2022,004210021,2,BOS,MIL,BOS,1,Baseline + late_trailing_lift,0.7307713954661395,89,2021
2022,004210022,2,DAL,PHX,DAL,1,Baseline + late_trailing_lift,0.23705037958239988,89,2021
2022,004210023,2,GSW,MEM,GSW,1,Baseline + late_trailing_lift,0.32257274056852586,89,2021
2022,004210030,3,BOS,MIA,BOS,1,Baseline + late_trailing_lift,0.38648264418266326,89,2021
2022,004210031,3,DAL,GSW,GSW,0,Baseline + late_trailing_lift,0.33579777227305496,89,2021
2022,004210040,4,BOS,GSW,GSW,0,Baseline + late_trailing_lift,0.5491743059063311,89,2021
2022,004210010,1,ATL,MIA,MIA,0,Baseline + all situations,0.07968558923659905,89,2021
2022,004210011,1,BKN,BOS,BOS,0,Baseline + all situations,0.07371463592603776,89,2021
2022,004210012,1,CHI,MIL,MIL,0,Baseline + all situations,0.20194597655273536,89,2021
2022,004210013,1,PHI,TOR,PHI,1,Baseline + all situations,0.7310204735586384,89,2021
2022,004210014,1,NOP,PHX,PHX,0,Baseline + all situations,0.09993238381665803,89,2021
2022,004210015,1,MEM,MIN,MEM,1,Baseline + all situations,0.8889717794105427,89,2021
2022,004210017,1,DAL,UTA,DAL,1,Baseline + all situations,0.6188121560653722,89,2021
2022,004210020,2,MIA,PHI,MIA,1,Baseline + all situations,0.7851374532333513,89,2021
2022,004210021,2,BOS,MIL,BOS,1,Baseline + all situations,0.7378285708740846,89,2021
2022,004210022,2,DAL,PHX,DAL,1,Baseline + all situations,0.42018903911240674,89,2021
2022,004210023,2,GSW,MEM,GSW,1,Baseline + all situations,0.2444104570588072,89,2021
2022,004210030,3,BOS,MIA,BOS,1,Baseline + all situations,0.42727333662182054,89,2021
2022,004210031,3,DAL,GSW,GSW,0,Baseline + all situations,0.48538835975095496,89,2021
2022,004210040,4,BOS,GSW,GSW,0,Baseline + all situations,0.6359443517297341,89,2021
2022,004210010,1,ATL,MIA,MIA,0,Baseline + recent form,0.0819638893700825,89,2021
2022,004210011,1,BKN,BOS,BOS,0,Baseline + recent form,0.11803505462546532,89,2021
2022,004210012,1,CHI,MIL,MIL,0,Baseline + recent form,0.20480996648236485,89,2021
2022,004210013,1,PHI,TOR,PHI,1,Baseline + recent form,0.6196061527504036,89,2021
2022,004210014,1,NOP,PHX,PHX,0,Baseline + recent form,0.03631476175878998,89,2021
2022,004210015,1,MEM,MIN,MEM,1,Baseline + recent form,0.8718046113762898,89,2021
2022,004210017,1,DAL,UTA,DAL,1,Baseline + recent form,0.5918301448877413,89,2021
2022,004210020,2,MIA,PHI,MIA,1,Baseline + recent form,0.745914538430472,89,2021
2022,004210021,2,BOS,MIL,BOS,1,Baseline + recent form,0.6610290890007501,89,2021
2022,004210022,2,DAL,PHX,DAL,1,Baseline + recent form,0.18000650065656704,89,2021
2022,004210023,2,GSW,MEM,GSW,1,Baseline + recent form,0.357953334007545,89,2021
2022,004210030,3,BOS,MIA,BOS,1,Baseline + recent form,0.433741597487301,89,2021
2022,004210031,3,DAL,GSW,GSW,0,Baseline + recent form,0.3740705594431773,89,2021
2022,004210040,4,BOS,GSW,GSW,0,Baseline + recent form,0.557125212751462,89,2021
2023,004220010,1,MIA,MIL,MIA,1,Seed + home court,0.06143121608318493,103,2022
2023,004220011,1,ATL,BOS,BOS,0,Seed + home court,0.11491653164983599,103,2022
2023,004220012,1,BKN,PHI,PHI,0,Seed + home court,0.20480749016293448,103,2022
2023,004220013,1,CLE,NYK,NYK,0,Seed + home court,0.6618505100318528,103,2022
2023,004220014,1,DEN,MIN,DEN,1,Seed + home court,0.9385687839168151,103,2022
2023,004220015,1,LAL,MEM,LAL,1,Seed + home court,0.11491653164983599,103,2022
2023,004220016,1,GSW,SAC,GSW,1,Seed + home court,0.20480749016293448,103,2022
2023,004220017,1,LAC,PHX,PHX,0,Seed + home court,0.3381494899681472,103,2022
2023,004220020,2,MIA,NYK,MIA,1,Seed + home court,0.20480749016293448,103,2022
2023,004220021,2,BOS,PHI,BOS,1,Seed + home court,0.6618505100318528,103,2022
2023,004220022,2,DEN,PHX,DEN,1,Seed + home court,0.7951925098370655,103,2022
2023,004220023,2,GSW,LAL,LAL,0,Seed + home court,0.6618505100318528,103,2022
2023,004220030,3,BOS,MIA,MIA,0,Seed + home court,0.9155957327820644,103,2022
2023,004220031,3,DEN,LAL,DEN,1,Seed + home court,0.9155957327820644,103,2022
2023,004220040,4,DEN,MIA,DEN,1,Seed + home court,0.9385687839168151,103,2022
2023,004220010,1,MIA,MIL,MIA,1,Strength baseline,0.07021585624243826,103,2022
2023,004220011,1,ATL,BOS,BOS,0,Strength baseline,0.09378142761279468,103,2022
2023,004220012,1,BKN,PHI,PHI,0,Strength baseline,0.19433793380003334,103,2022
2023,004220013,1,CLE,NYK,NYK,0,Strength baseline,0.675867824522251,103,2022
2023,004220014,1,DEN,MIN,DEN,1,Strength baseline,0.9235681719491226,103,2022
2023,004220015,1,LAL,MEM,LAL,1,Strength baseline,0.12855597777929959,103,2022
2023,004220016,1,GSW,SAC,GSW,1,Strength baseline,0.2422371699932893,103,2022
2023,004220017,1,LAC,PHX,PHX,0,Strength baseline,0.3466844280734953,103,2022
2023,004220020,2,MIA,NYK,MIA,1,Strength baseline,0.2144413935338333,103,2022
2023,004220021,2,BOS,PHI,BOS,1,Strength baseline,0.6680235034923963,103,2022
2023,004220022,2,DEN,PHX,DEN,1,Strength baseline,0.7746842276082934,103,2022
2023,004220023,2,GSW,LAL,LAL,0,Strength baseline,0.6456870598886424,103,2022
2023,004220030,3,BOS,MIA,MIA,0,Strength baseline,0.9250194876304698,103,2022
2023,004220031,3,DEN,LAL,DEN,1,Strength baseline,0.8972402315419876,103,2022
2023,004220040,4,DEN,MIA,DEN,1,Strength baseline,0.9213255166104789,103,2022
2023,004220010,1,MIA,MIL,MIA,1,Baseline + front_running_gap,0.055593256395301736,103,2022
2023,004220011,1,ATL,BOS,BOS,0,Baseline + front_running_gap,0.08664870135332324,103,2022
2023,004220012,1,BKN,PHI,PHI,0,Baseline + front_running_gap,0.25000503495051757,103,2022
2023,004220013,1,CLE,NYK,NYK,0,Baseline + front_running_gap,0.713179863883821,103,2022
2023,004220014,1,DEN,MIN,DEN,1,Baseline + front_running_gap,0.936368377207951,103,2022
2023,004220015,1,LAL,MEM,LAL,1,Baseline + front_running_gap,0.07653748913176872,103,2022
2023,004220016,1,GSW,SAC,GSW,1,Baseline + front_running_gap,0.2993674527185859,103,2022
2023,004220017,1,LAC,PHX,PHX,0,Baseline + front_running_gap,0.31980996388413996,103,2022
2023,004220020,2,MIA,NYK,MIA,1,Baseline + front_running_gap,0.22544152759239586,103,2022
2023,004220021,2,BOS,PHI,BOS,1,Baseline + front_running_gap,0.707102098576079,103,2022
2023,004220022,2,DEN,PHX,DEN,1,Baseline + front_running_gap,0.7654325718578687,103,2022
2023,004220023,2,GSW,LAL,LAL,0,Baseline + front_running_gap,0.739361985855914,103,2022
2023,004220030,3,BOS,MIA,MIA,0,Baseline + front_running_gap,0.9291340535353314,103,2022
2023,004220031,3,DEN,LAL,DEN,1,Baseline + front_running_gap,0.9334660780549973,103,2022
2023,004220040,4,DEN,MIA,DEN,1,Baseline + front_running_gap,0.9360448623065797,103,2022
2023,004220010,1,MIA,MIL,MIA,1,Baseline + big_deficit_lift,0.05108398304392207,103,2022
2023,004220011,1,ATL,BOS,BOS,0,Baseline + big_deficit_lift,0.0915879390661144,103,2022
2023,004220012,1,BKN,PHI,PHI,0,Baseline + big_deficit_lift,0.2524725673024608,103,2022
2023,004220013,1,CLE,NYK,NYK,0,Baseline + big_deficit_lift,0.6807808844200665,103,2022
2023,004220014,1,DEN,MIN,DEN,1,Baseline + big_deficit_lift,0.9232620170015268,103,2022
2023,004220015,1,LAL,MEM,LAL,1,Baseline + big_deficit_lift,0.09220672274580188,103,2022
2023,004220016,1,GSW,SAC,GSW,1,Baseline + big_deficit_lift,0.2831356610750406,103,2022
2023,004220017,1,LAC,PHX,PHX,0,Baseline + big_deficit_lift,0.3437587193807067,103,2022
2023,004220020,2,MIA,NYK,MIA,1,Baseline + big_deficit_lift,0.24129293493085008,103,2022
2023,004220021,2,BOS,PHI,BOS,1,Baseline + big_deficit_lift,0.7263476737549053,103,2022
2023,004220022,2,DEN,PHX,DEN,1,Baseline + big_deficit_lift,0.7253166676641777,103,2022
2023,004220023,2,GSW,LAL,LAL,0,Baseline + big_deficit_lift,0.6725515483314274,103,2022
2023,004220030,3,BOS,MIA,MIA,0,Baseline + big_deficit_lift,0.9289694782760202,103,2022
2023,004220031,3,DEN,LAL,DEN,1,Baseline + big_deficit_lift,0.9112163396416052,103,2022
2023,004220040,4,DEN,MIA,DEN,1,Baseline + big_deficit_lift,0.9259427186279315,103,2022
2023,004220010,1,MIA,MIL,MIA,1,Baseline + close_lift,0.052515842173203695,103,2022
2023,004220011,1,ATL,BOS,BOS,0,Baseline + close_lift,0.08924045802815064,103,2022
2023,004220012,1,BKN,PHI,PHI,0,Baseline + close_lift,0.20532010846419443,103,2022
2023,004220013,1,CLE,NYK,NYK,0,Baseline + close_lift,0.6719839304998751,103,2022
2023,004220014,1,DEN,MIN,DEN,1,Baseline + close_lift,0.898683669765475,103,2022
2023,004220015,1,LAL,MEM,LAL,1,Baseline + close_lift,0.10086966855896314,103,2022
2023,004220016,1,GSW,SAC,GSW,1,Baseline + close_lift,0.23062523948505334,103,2022
2023,004220017,1,LAC,PHX,PHX,0,Baseline + close_lift,0.2947357636694928,103,2022
2023,004220020,2,MIA,NYK,MIA,1,Baseline + close_lift,0.23730590430670734,103,2022
2023,004220021,2,BOS,PHI,BOS,1,Baseline + close_lift,0.7239619068771245,103,2022
2023,004220022,2,DEN,PHX,DEN,1,Baseline + close_lift,0.7169468731033498,103,2022
2023,004220023,2,GSW,LAL,LAL,0,Baseline + close_lift,0.605924789242924,103,2022
2023,004220030,3,BOS,MIA,MIA,0,Baseline + close_lift,0.9380660522634461,103,2022
2023,004220031,3,DEN,LAL,DEN,1,Baseline + close_lift,0.8903815067415812,103,2022
2023,004220040,4,DEN,MIA,DEN,1,Baseline + close_lift,0.9167798012704392,103,2022
2023,004220010,1,MIA,MIL,MIA,1,Baseline + clutch_lift,0.03615194604124351,103,2022
2023,004220011,1,ATL,BOS,BOS,0,Baseline + clutch_lift,0.1128571952273526,103,2022
2023,004220012,1,BKN,PHI,PHI,0,Baseline + clutch_lift,0.23585215918754374,103,2022
2023,004220013,1,CLE,NYK,NYK,0,Baseline + clutch_lift,0.5529406538956009,103,2022
2023,004220014,1,DEN,MIN,DEN,1,Baseline + clutch_lift,0.90812254846243,103,2022
2023,004220015,1,LAL,MEM,LAL,1,Baseline + clutch_lift,0.08827885049277844,103,2022
2023,004220016,1,GSW,SAC,GSW,1,Baseline + clutch_lift,0.2445992461791105,103,2022
2023,004220017,1,LAC,PHX,PHX,0,Baseline + clutch_lift,0.29259859234627666,103,2022
2023,004220020,2,MIA,NYK,MIA,1,Baseline + clutch_lift,0.08990829956873324,103,2022
2023,004220021,2,BOS,PHI,BOS,1,Baseline + clutch_lift,0.7809946600981024,103,2022
2023,004220022,2,DEN,PHX,DEN,1,Baseline + clutch_lift,0.711411003390931,103,2022
2023,004220023,2,GSW,LAL,LAL,0,Baseline + clutch_lift,0.6215935331366049,103,2022
2023,004220030,3,BOS,MIA,MIA,0,Baseline + clutch_lift,0.9654584671932402,103,2022
2023,004220031,3,DEN,LAL,DEN,1,Baseline + clutch_lift,0.8952957189669386,103,2022
2023,004220040,4,DEN,MIA,DEN,1,Baseline + clutch_lift,0.9500400815402316,103,2022
2023,004220010,1,MIA,MIL,MIA,1,Baseline + late_trailing_lift,0.047384128835762686,103,2022
2023,004220011,1,ATL,BOS,BOS,0,Baseline + late_trailing_lift,0.08550083302266479,103,2022
2023,004220012,1,BKN,PHI,PHI,0,Baseline + late_trailing_lift,0.2359979364979566,103,2022
2023,004220013,1,CLE,NYK,NYK,0,Baseline + late_trailing_lift,0.5945600724857218,103,2022
2023,004220014,1,DEN,MIN,DEN,1,Baseline + late_trailing_lift,0.9292067770391028,103,2022
2023,004220015,1,LAL,MEM,LAL,1,Baseline + late_trailing_lift,0.07445170334382045,103,2022
2023,004220016,1,GSW,SAC,GSW,1,Baseline + late_trailing_lift,0.24182594826774315,103,2022
2023,004220017,1,LAC,PHX,PHX,0,Baseline + late_trailing_lift,0.27890917833663914,103,2022
2023,004220020,2,MIA,NYK,MIA,1,Baseline + late_trailing_lift,0.13839590789525996,103,2022
2023,004220021,2,BOS,PHI,BOS,1,Baseline + late_trailing_lift,0.7370439338715058,103,2022
2023,004220022,2,DEN,PHX,DEN,1,Baseline + late_trailing_lift,0.7562379446793384,103,2022
2023,004220023,2,GSW,LAL,LAL,0,Baseline + late_trailing_lift,0.6820671283286242,103,2022
2023,004220030,3,BOS,MIA,MIA,0,Baseline + late_trailing_lift,0.9555835752603455,103,2022
2023,004220031,3,DEN,LAL,DEN,1,Baseline + late_trailing_lift,0.9169810903882194,103,2022
2023,004220040,4,DEN,MIA,DEN,1,Baseline + late_trailing_lift,0.9463831032106939,103,2022
2023,004220010,1,MIA,MIL,MIA,1,Baseline + all situations,0.019487408241550947,103,2022
2023,004220011,1,ATL,BOS,BOS,0,Baseline + all situations,0.10001014170697621,103,2022
2023,004220012,1,BKN,PHI,PHI,0,Baseline + all situations,0.32916684160085286,103,2022
2023,004220013,1,CLE,NYK,NYK,0,Baseline + all situations,0.5204615485885692,103,2022
2023,004220014,1,DEN,MIN,DEN,1,Baseline + all situations,0.9043614041952894,103,2022
2023,004220015,1,LAL,MEM,LAL,1,Baseline + all situations,0.04082124642139859,103,2022
2023,004220016,1,GSW,SAC,GSW,1,Baseline + all situations,0.27760533051512726,103,2022
2023,004220017,1,LAC,PHX,PHX,0,Baseline + all situations,0.2344004789704924,103,2022
2023,004220020,2,MIA,NYK,MIA,1,Baseline + all situations,0.08614449702096473,103,2022
2023,004220021,2,BOS,PHI,BOS,1,Baseline + all situations,0.8561735455238204,103,2022
2023,004220022,2,DEN,PHX,DEN,1,Baseline + all situations,0.6261221540305815,103,2022
2023,004220023,2,GSW,LAL,LAL,0,Baseline + all situations,0.6633906463569446,103,2022
2023,004220030,3,BOS,MIA,MIA,0,Baseline + all situations,0.9768972623162694,103,2022
2023,004220031,3,DEN,LAL,DEN,1,Baseline + all situations,0.9205025436439036,103,2022
2023,004220040,4,DEN,MIA,DEN,1,Baseline + all situations,0.9612012628646446,103,2022
2023,004220010,1,MIA,MIL,MIA,1,Baseline + recent form,0.07027825346398062,103,2022
2023,004220011,1,ATL,BOS,BOS,0,Baseline + recent form,0.09494078165910405,103,2022
2023,004220012,1,BKN,PHI,PHI,0,Baseline + recent form,0.19496777473800778,103,2022
2023,004220013,1,CLE,NYK,NYK,0,Baseline + recent form,0.6760625253591861,103,2022
2023,004220014,1,DEN,MIN,DEN,1,Baseline + recent form,0.9237908792488428,103,2022
2023,004220015,1,LAL,MEM,LAL,1,Baseline + recent form,0.12713644277341618,103,2022
2023,004220016,1,GSW,SAC,GSW,1,Baseline + recent form,0.24024720703438254,103,2022
2023,004220017,1,LAC,PHX,PHX,0,Baseline + recent form,0.34831541236149743,103,2022
2023,004220020,2,MIA,NYK,MIA,1,Baseline + recent form,0.21547799076948235,103,2022
2023,004220021,2,BOS,PHI,BOS,1,Baseline + recent form,0.6664371090863264,103,2022
2023,004220022,2,DEN,PHX,DEN,1,Baseline + recent form,0.7767599856654369,103,2022
2023,004220023,2,GSW,LAL,LAL,0,Baseline + recent form,0.6459304331184016,103,2022
2023,004220030,3,BOS,MIA,MIA,0,Baseline + recent form,0.9238660372579252,103,2022
2023,004220031,3,DEN,LAL,DEN,1,Baseline + recent form,0.8991620300339376,103,2022
2023,004220040,4,DEN,MIA,DEN,1,Baseline + recent form,0.9215415894449573,103,2022
2024,004230010,1,BOS,MIA,BOS,1,Seed + home court,0.8938291665088535,118,2023
2024,004230011,1,NYK,PHI,NYK,1,Seed + home court,0.8322765605354506,118,2023
2024,004230012,1,IND,MIL,IND,1,Seed + home court,0.25478903056342667,118,2023
2024,004230013,1,CLE,ORL,CLE,1,Seed + home court,0.6328852399773236,118,2023
2024,004230014,1,NOP,OKC,OKC,0,Seed + home court,0.1061708334911466,118,2023
2024,004230015,1,DEN,LAL,DEN,1,Seed + home court,0.8322765605354506,118,2023
2024,004230016,1,MIN,PHX,MIN,1,Seed + home court,0.7452109694365733,118,2023
2024,004230017,1,DAL,LAC,DAL,1,Seed + home court,0.3671147600226764,118,2023
2024,004230020,2,BOS,CLE,BOS,1,Seed + home court,0.7452109694365733,118,2023
2024,004230021,2,IND,NYK,IND,1,Seed + home court,0.20791490826729622,118,2023
2024,004230022,2,DAL,OKC,DAL,1,Seed + home court,0.20791490826729622,118,2023
2024,004230023,2,DEN,MIN,MIN,0,Seed + home court,0.6328852399773236,118,2023
2024,004230030,3,BOS,IND,BOS,1,Seed + home court,0.8322765605354506,118,2023
2024,004230031,3,DAL,MIN,DAL,1,Seed + home court,0.3081200346182702,118,2023
2024,004230040,4,BOS,DAL,BOS,1,Seed + home court,0.7920850917327039,118,2023
2024,004230010,1,BOS,MIA,BOS,1,Strength baseline,0.9229016471269063,118,2023
2024,004230011,1,NYK,PHI,NYK,1,Strength baseline,0.7664724604530396,118,2023
2024,004230012,1,IND,MIL,IND,1,Strength baseline,0.3307500590725058,118,2023
2024,004230013,1,CLE,ORL,CLE,1,Strength baseline,0.5960294848199009,118,2023
2024,004230014,1,NOP,OKC,OKC,0,Strength baseline,0.14762627839024395,118,2023
2024,004230015,1,DEN,LAL,DEN,1,Strength baseline,0.8282502738505152,118,2023
2024,004230016,1,MIN,PHX,MIN,1,Strength baseline,0.7477029827751656,118,2023
2024,004230017,1,DAL,LAC,DAL,1,Strength baseline,0.3948997381761538,118,2023
2024,004230020,2,BOS,CLE,BOS,1,Strength baseline,0.8469791506845742,118,2023
2024,004230021,2,IND,NYK,IND,1,Strength baseline,0.2656542207540578,118,2023
2024,004230022,2,DAL,OKC,DAL,1,Strength baseline,0.20484898823381403,118,2023
2024,004230023,2,DEN,MIN,MIN,0,Strength baseline,0.5725174928592454,118,2023
2024,004230030,3,BOS,IND,BOS,1,Strength baseline,0.8841172938554476,118,2023
2024,004230031,3,DAL,MIN,DAL,1,Strength baseline,0.281560967465041,118,2023
2024,004230040,4,BOS,DAL,BOS,1,Strength baseline,0.8583226237190453,118,2023
2024,004230010,1,BOS,MIA,BOS,1,Baseline + front_running_gap,0.9270321887748625,118,2023
2024,004230011,1,NYK,PHI,NYK,1,Baseline + front_running_gap,0.7551860524481717,118,2023
2024,004230012,1,IND,MIL,IND,1,Baseline + front_running_gap,0.3332049054149678,118,2023
2024,004230013,1,CLE,ORL,CLE,1,Baseline + front_running_gap,0.5828336366721747,118,2023
2024,004230014,1,NOP,OKC,OKC,0,Baseline + front_running_gap,0.157159460521846,118,2023
2024,004230015,1,DEN,LAL,DEN,1,Baseline + front_running_gap,0.828025648012981,118,2023
2024,004230016,1,MIN,PHX,MIN,1,Baseline + front_running_gap,0.7626082177479977,118,2023
2024,004230017,1,DAL,LAC,DAL,1,Baseline + front_running_gap,0.42200357096150726,118,2023
2024,004230020,2,BOS,CLE,BOS,1,Baseline + front_running_gap,0.857838307849524,118,2023
2024,004230021,2,IND,NYK,IND,1,Baseline + front_running_gap,0.27521180158421493,118,2023
2024,004230022,2,DAL,OKC,DAL,1,Baseline + front_running_gap,0.21174986117893663,118,2023
2024,004230023,2,DEN,MIN,MIN,0,Baseline + front_running_gap,0.5761986537289882,118,2023
2024,004230030,3,BOS,IND,BOS,1,Baseline + front_running_gap,0.8864981490618714,118,2023
2024,004230031,3,DAL,MIN,DAL,1,Baseline + front_running_gap,0.29961213386723934,118,2023
2024,004230040,4,BOS,DAL,BOS,1,Baseline + front_running_gap,0.8565711229615987,118,2023
2024,004230010,1,BOS,MIA,BOS,1,Baseline + big_deficit_lift,0.9351973736832034,118,2023
2024,004230011,1,NYK,PHI,NYK,1,Baseline + big_deficit_lift,0.7389818880564801,118,2023
2024,004230012,1,IND,MIL,IND,1,Baseline + big_deficit_lift,0.3334988943487594,118,2023
2024,004230013,1,CLE,ORL,CLE,1,Baseline + big_deficit_lift,0.5772896178066884,118,2023
2024,004230014,1,NOP,OKC,OKC,0,Baseline + big_deficit_lift,0.17835866392745928,118,2023
2024,004230015,1,DEN,LAL,DEN,1,Baseline + big_deficit_lift,0.8493513521323401,118,2023
2024,004230016,1,MIN,PHX,MIN,1,Baseline + big_deficit_lift,0.7687287203254939,118,2023
2024,004230017,1,DAL,LAC,DAL,1,Baseline + big_deficit_lift,0.45233927231534143,118,2023
2024,004230020,2,BOS,CLE,BOS,1,Baseline + big_deficit_lift,0.8766653651001751,118,2023
2024,004230021,2,IND,NYK,IND,1,Baseline + big_deficit_lift,0.28932115050411034,118,2023
2024,004230022,2,DAL,OKC,DAL,1,Baseline + big_deficit_lift,0.22592757136852426,118,2023
2024,004230023,2,DEN,MIN,MIN,0,Baseline + big_deficit_lift,0.5825501532645075,118,2023
2024,004230030,3,BOS,IND,BOS,1,Baseline + big_deficit_lift,0.8977694750003798,118,2023
2024,004230031,3,DAL,MIN,DAL,1,Baseline + big_deficit_lift,0.3075279165341381,118,2023
2024,004230040,4,BOS,DAL,BOS,1,Baseline + big_deficit_lift,0.86624804512253,118,2023
2024,004230010,1,BOS,MIA,BOS,1,Baseline + close_lift,0.9209766390656344,118,2023
2024,004230011,1,NYK,PHI,NYK,1,Baseline + close_lift,0.7704429370662876,118,2023
2024,004230012,1,IND,MIL,IND,1,Baseline + close_lift,0.3359998656110322,118,2023
2024,004230013,1,CLE,ORL,CLE,1,Baseline + close_lift,0.5994051544197627,118,2023
2024,004230014,1,NOP,OKC,OKC,0,Baseline + close_lift,0.14349234920899187,118,2023
2024,004230015,1,DEN,LAL,DEN,1,Baseline + close_lift,0.8217120159560262,118,2023
2024,004230016,1,MIN,PHX,MIN,1,Baseline + close_lift,0.7503744500982081,118,2023
2024,004230017,1,DAL,LAC,DAL,1,Baseline + close_lift,0.39829503391619314,118,2023
2024,004230020,2,BOS,CLE,BOS,1,Baseline + close_lift,0.8407931664267506,118,2023
2024,004230021,2,IND,NYK,IND,1,Baseline + close_lift,0.2672224057485804,118,2023
2024,004230022,2,DAL,OKC,DAL,1,Baseline + close_lift,0.207615437818179,118,2023
2024,004230023,2,DEN,MIN,MIN,0,Baseline + close_lift,0.5627531616350184,118,2023
2024,004230030,3,BOS,IND,BOS,1,Baseline + close_lift,0.8774744393737071,118,2023
2024,004230031,3,DAL,MIN,DAL,1,Baseline + close_lift,0.28223829235954884,118,2023
2024,004230040,4,BOS,DAL,BOS,1,Baseline + close_lift,0.85057396587434,118,2023
2024,004230010,1,BOS,MIA,BOS,1,Baseline + clutch_lift,0.8985130997355397,118,2023
2024,004230011,1,NYK,PHI,NYK,1,Baseline + clutch_lift,0.7343419080210105,118,2023
2024,004230012,1,IND,MIL,IND,1,Baseline + clutch_lift,0.3658574898893753,118,2023
2024,004230013,1,CLE,ORL,CLE,1,Baseline + clutch_lift,0.6078795764914945,118,2023
2024,004230014,1,NOP,OKC,OKC,0,Baseline + clutch_lift,0.1861381158611321,118,2023
2024,004230015,1,DEN,LAL,DEN,1,Baseline + clutch_lift,0.8077842034149686,118,2023
2024,004230016,1,MIN,PHX,MIN,1,Baseline + clutch_lift,0.7762788144744598,118,2023
2024,004230017,1,DAL,LAC,DAL,1,Baseline + clutch_lift,0.3988202522715013,118,2023
2024,004230020,2,BOS,CLE,BOS,1,Baseline + clutch_lift,0.8231619085294619,118,2023
2024,004230021,2,IND,NYK,IND,1,Baseline + clutch_lift,0.31630810026561534,118,2023
2024,004230022,2,DAL,OKC,DAL,1,Baseline + clutch_lift,0.19799816029782732,118,2023
2024,004230023,2,DEN,MIN,MIN,0,Baseline + clutch_lift,0.4642936407048102,118,2023
2024,004230030,3,BOS,IND,BOS,1,Baseline + clutch_lift,0.8677750818921647,118,2023
2024,004230031,3,DAL,MIN,DAL,1,Baseline + clutch_lift,0.21525755654639864,118,2023
2024,004230040,4,BOS,DAL,BOS,1,Baseline + clutch_lift,0.8667519053354369,118,2023
2024,004230010,1,BOS,MIA,BOS,1,Baseline + late_trailing_lift,0.924722960455917,118,2023
2024,004230011,1,NYK,PHI,NYK,1,Baseline + late_trailing_lift,0.7668570265800199,118,2023
2024,004230012,1,IND,MIL,IND,1,Baseline + late_trailing_lift,0.3304303605927433,118,2023
2024,004230013,1,CLE,ORL,CLE,1,Baseline + late_trailing_lift,0.5921116275433239,118,2023
2024,004230014,1,NOP,OKC,OKC,0,Baseline + late_trailing_lift,0.14541063455180855,118,2023
2024,004230015,1,DEN,LAL,DEN,1,Baseline + late_trailing_lift,0.8289609916807787,118,2023
2024,004230016,1,MIN,PHX,MIN,1,Baseline + late_trailing_lift,0.7518462759136771,118,2023
2024,004230017,1,DAL,LAC,DAL,1,Baseline + late_trailing_lift,0.3989121088963024,118,2023
2024,004230020,2,BOS,CLE,BOS,1,Baseline + late_trailing_lift,0.8492300881574658,118,2023
2024,004230021,2,IND,NYK,IND,1,Baseline + late_trailing_lift,0.2651326397992665,118,2023
2024,004230022,2,DAL,OKC,DAL,1,Baseline + late_trailing_lift,0.2067381323208495,118,2023
2024,004230023,2,DEN,MIN,MIN,0,Baseline + late_trailing_lift,0.5719863654352327,118,2023
2024,004230030,3,BOS,IND,BOS,1,Baseline + late_trailing_lift,0.8854495405059767,118,2023
2024,004230031,3,DAL,MIN,DAL,1,Baseline + late_trailing_lift,0.2831753997239756,118,2023
2024,004230040,4,BOS,DAL,BOS,1,Baseline + late_trailing_lift,0.8579283312375738,118,2023
2024,004230010,1,BOS,MIA,BOS,1,Baseline + all situations,0.9188780636283017,118,2023
2024,004230011,1,NYK,PHI,NYK,1,Baseline + all situations,0.7161248011137535,118,2023
2024,004230012,1,IND,MIL,IND,1,Baseline + all situations,0.4008687318438105,118,2023
2024,004230013,1,CLE,ORL,CLE,1,Baseline + all situations,0.5844322595860088,118,2023
2024,004230014,1,NOP,OKC,OKC,0,Baseline + all situations,0.1991284843391989,118,2023
2024,004230015,1,DEN,LAL,DEN,1,Baseline + all situations,0.8171603087631655,118,2023
2024,004230016,1,MIN,PHX,MIN,1,Baseline + all situations,0.8305289832465135,118,2023
2024,004230017,1,DAL,LAC,DAL,1,Baseline + all situations,0.5169205299084015,118,2023
2024,004230020,2,BOS,CLE,BOS,1,Baseline + all situations,0.8490528010731858,118,2023
2024,004230021,2,IND,NYK,IND,1,Baseline + all situations,0.3657311824023252,118,2023
2024,004230022,2,DAL,OKC,DAL,1,Baseline + all situations,0.25569279264789335,118,2023
2024,004230023,2,DEN,MIN,MIN,0,Baseline + all situations,0.4075010270997622,118,2023
2024,004230030,3,BOS,IND,BOS,1,Baseline + all situations,0.8626503182640505,118,2023
2024,004230031,3,DAL,MIN,DAL,1,Baseline + all situations,0.23963894828063484,118,2023
2024,004230040,4,BOS,DAL,BOS,1,Baseline + all situations,0.842557274830857,118,2023
2024,004230010,1,BOS,MIA,BOS,1,Baseline + recent form,0.9227016512567549,118,2023
2024,004230011,1,NYK,PHI,NYK,1,Baseline + recent form,0.7628828540669497,118,2023
2024,004230012,1,IND,MIL,IND,1,Baseline + recent form,0.3217965663974939,118,2023
2024,004230013,1,CLE,ORL,CLE,1,Baseline + recent form,0.6024449710014304,118,2023
2024,004230014,1,NOP,OKC,OKC,0,Baseline + recent form,0.1481248942422882,118,2023
2024,004230015,1,DEN,LAL,DEN,1,Baseline + recent form,0.8261612078162628,118,2023
2024,004230016,1,MIN,PHX,MIN,1,Baseline + recent form,0.7483363932297604,118,2023
2024,004230017,1,DAL,LAC,DAL,1,Baseline + recent form,0.385973145669459,118,2023
2024,004230020,2,BOS,CLE,BOS,1,Baseline + recent form,0.8420134777897719,118,2023
2024,004230021,2,IND,NYK,IND,1,Baseline + recent form,0.26512740763398074,118,2023
2024,004230022,2,DAL,OKC,DAL,1,Baseline + recent form,0.20196010900024022,118,2023
2024,004230023,2,DEN,MIN,MIN,0,Baseline + recent form,0.5670480286453353,118,2023
2024,004230030,3,BOS,IND,BOS,1,Baseline + recent form,0.8849012295239421,118,2023
2024,004230031,3,DAL,MIN,DAL,1,Baseline + recent form,0.2769906164799298,118,2023
2024,004230040,4,BOS,DAL,BOS,1,Baseline + recent form,0.8593105509793795,118,2023
2025,004240010,1,CLE,MIA,CLE,1,Seed + home court,0.8873293941247702,133,2024
2025,004240011,1,BOS,ORL,BOS,1,Seed + home court,0.820359209087707,133,2024
2025,004240012,1,DET,NYK,NYK,0,Seed + home court,0.2741200676600133,133,2024
2025,004240013,1,IND,MIL,IND,1,Seed + home court,0.6055999230144364,133,2024
2025,004240014,1,MEM,OKC,OKC,0,Seed + home court,0.11267060587522978,133,2024
2025,004240015,1,GSW,HOU,GSW,1,Seed + home court,0.1796407909122931,133,2024
2025,004240016,1,LAL,MIN,MIN,0,Seed + home court,0.7258799323399867,133,2024
2025,004240017,1,DEN,LAC,DEN,1,Seed + home court,0.6055999230144364,133,2024
2025,004240020,2,CLE,IND,IND,0,Seed + home court,0.7258799323399867,133,2024
2025,004240021,2,BOS,NYK,NYK,0,Seed + home court,0.6055999230144364,133,2024
2025,004240022,2,DEN,OKC,OKC,0,Seed + home court,0.2741200676600133,133,2024
2025,004240023,2,GSW,MIN,MIN,0,Seed + home court,0.39440007698556356,133,2024
2025,004240030,3,IND,NYK,IND,1,Seed + home court,0.39440007698556356,133,2024
2025,004240031,3,MIN,OKC,OKC,0,Seed + home court,0.1796407909122931,133,2024
2025,004240040,4,IND,OKC,OKC,0,Seed + home court,0.2741200676600133,133,2024
2025,004240010,1,CLE,MIA,CLE,1,Strength baseline,0.9460346418162836,133,2024
2025,004240011,1,BOS,ORL,BOS,1,Strength baseline,0.9057243709149978,133,2024
2025,004240012,1,DET,NYK,NYK,0,Strength baseline,0.28781534352101096,133,2024
2025,004240013,1,IND,MIL,IND,1,Strength baseline,0.5565695776787214,133,2024
2025,004240014,1,MEM,OKC,OKC,0,Strength baseline,0.07701328102803788,133,2024
2025,004240015,1,GSW,HOU,GSW,1,Strength baseline,0.2654042582813774,133,2024
2025,004240016,1,LAL,MIN,MIN,0,Strength baseline,0.5638864794627293,133,2024
2025,004240017,1,DEN,LAC,DEN,1,Strength baseline,0.5259815206010392,133,2024
2025,004240020,2,CLE,IND,IND,0,Strength baseline,0.8274725730811926,133,2024
2025,004240021,2,BOS,NYK,NYK,0,Strength baseline,0.7178983632719482,133,2024
2025,004240022,2,DEN,OKC,OKC,0,Strength baseline,0.13479702554375345,133,2024
2025,004240023,2,GSW,MIN,MIN,0,Strength baseline,0.4231174343044468,133,2024
2025,004240030,3,IND,NYK,IND,1,Strength baseline,0.419038429596063,133,2024
2025,004240031,3,MIN,OKC,OKC,0,Strength baseline,0.1066558704279173,133,2024
2025,004240040,4,IND,OKC,OKC,0,Strength baseline,0.12017779560944339,133,2024
2025,004240010,1,CLE,MIA,CLE,1,Baseline + front_running_gap,0.9436971935890832,133,2024
2025,004240011,1,BOS,ORL,BOS,1,Baseline + front_running_gap,0.8912020501330531,133,2024
2025,004240012,1,DET,NYK,NYK,0,Baseline + front_running_gap,0.25062681458409614,133,2024
2025,004240013,1,IND,MIL,IND,1,Baseline + front_running_gap,0.5271391985891418,133,2024
2025,004240014,1,MEM,OKC,OKC,0,Baseline + front_running_gap,0.07948297676279358,133,2024
2025,004240015,1,GSW,HOU,GSW,1,Baseline + front_running_gap,0.29105681367253955,133,2024
2025,004240016,1,LAL,MIN,MIN,0,Baseline + front_running_gap,0.5721107354064017,133,2024
2025,004240017,1,DEN,LAC,DEN,1,Baseline + front_running_gap,0.49083774458517837,133,2024
2025,004240020,2,CLE,IND,IND,0,Baseline + front_running_gap,0.833693627132498,133,2024
2025,004240021,2,BOS,NYK,NYK,0,Baseline + front_running_gap,0.7026522864559076,133,2024
2025,004240022,2,DEN,OKC,OKC,0,Baseline + front_running_gap,0.1337756778294278,133,2024
2025,004240023,2,GSW,MIN,MIN,0,Baseline + front_running_gap,0.45864885969890645,133,2024
2025,004240030,3,IND,NYK,IND,1,Baseline + front_running_gap,0.36192818858214193,133,2024
2025,004240031,3,MIN,OKC,OKC,0,Baseline + front_running_gap,0.10252845277695005,133,2024
2025,004240040,4,IND,OKC,OKC,0,Baseline + front_running_gap,0.10989817041588752,133,2024
2025,004240010,1,CLE,MIA,CLE,1,Baseline + big_deficit_lift,0.9353195683517235,133,2024
2025,004240011,1,BOS,ORL,BOS,1,Baseline + big_deficit_lift,0.8964193578224692,133,2024
2025,004240012,1,DET,NYK,NYK,0,Baseline + big_deficit_lift,0.2612024592475671,133,2024
2025,004240013,1,IND,MIL,IND,1,Baseline + big_deficit_lift,0.5341789384455767,133,2024
2025,004240014,1,MEM,OKC,OKC,0,Baseline + big_deficit_lift,0.07325159024014825,133,2024
2025,004240015,1,GSW,HOU,GSW,1,Baseline + big_deficit_lift,0.31981687999201996,133,2024
2025,004240016,1,LAL,MIN,MIN,0,Baseline + big_deficit_lift,0.6133406221301851,133,2024
2025,004240017,1,DEN,LAC,DEN,1,Baseline + big_deficit_lift,0.474391281580884,133,2024
2025,004240020,2,CLE,IND,IND,0,Baseline + big_deficit_lift,0.8144981739121409,133,2024
2025,004240021,2,BOS,NYK,NYK,0,Baseline + big_deficit_lift,0.7078345027594992,133,2024
2025,004240022,2,DEN,OKC,OKC,0,Baseline + big_deficit_lift,0.1301658004037653,133,2024
2025,004240023,2,GSW,MIN,MIN,0,Baseline + big_deficit_lift,0.48113711397589354,133,2024
2025,004240030,3,IND,NYK,IND,1,Baseline + big_deficit_lift,0.3770033133003512,133,2024
2025,004240031,3,MIN,OKC,OKC,0,Baseline + big_deficit_lift,0.09803808221190628,133,2024
2025,004240040,4,IND,OKC,OKC,0,Baseline + big_deficit_lift,0.11259325340504169,133,2024
2025,004240010,1,CLE,MIA,CLE,1,Baseline + close_lift,0.9440596874000211,133,2024
2025,004240011,1,BOS,ORL,BOS,1,Baseline + close_lift,0.9109726794133142,133,2024
2025,004240012,1,DET,NYK,NYK,0,Baseline + close_lift,0.3070003106055905,133,2024
2025,004240013,1,IND,MIL,IND,1,Baseline + close_lift,0.5556781396255462,133,2024
2025,004240014,1,MEM,OKC,OKC,0,Baseline + close_lift,0.08599240414738749,133,2024
2025,004240015,1,GSW,HOU,GSW,1,Baseline + close_lift,0.28387694316859624,133,2024
2025,004240016,1,LAL,MIN,MIN,0,Baseline + close_lift,0.5184557288406166,133,2024
2025,004240017,1,DEN,LAC,DEN,1,Baseline + close_lift,0.5592868354515466,133,2024
2025,004240020,2,CLE,IND,IND,0,Baseline + close_lift,0.8166060174823334,133,2024
2025,004240021,2,BOS,NYK,NYK,0,Baseline + close_lift,0.715239620002013,133,2024
2025,004240022,2,DEN,OKC,OKC,0,Baseline + close_lift,0.16031365251026053,133,2024
2025,004240023,2,GSW,MIN,MIN,0,Baseline + close_lift,0.41957829021694615,133,2024
2025,004240030,3,IND,NYK,IND,1,Baseline + close_lift,0.4032401993083463,133,2024
2025,004240031,3,MIN,OKC,OKC,0,Baseline + close_lift,0.120855735549844,133,2024
2025,004240040,4,IND,OKC,OKC,0,Baseline + close_lift,0.12650411848637927,133,2024
2025,004240010,1,CLE,MIA,CLE,1,Baseline + clutch_lift,0.9341219356151026,133,2024
2025,004240011,1,BOS,ORL,BOS,1,Baseline + clutch_lift,0.9143849309852834,133,2024
2025,004240012,1,DET,NYK,NYK,0,Baseline + clutch_lift,0.3153324353015636,133,2024
2025,004240013,1,IND,MIL,IND,1,Baseline + clutch_lift,0.5448456869186482,133,2024
2025,004240014,1,MEM,OKC,OKC,0,Baseline + clutch_lift,0.0664617791352036,133,2024
2025,004240015,1,GSW,HOU,GSW,1,Baseline + clutch_lift,0.2461629411510037,133,2024
2025,004240016,1,LAL,MIN,MIN,0,Baseline + clutch_lift,0.5294743872464535,133,2024
2025,004240017,1,DEN,LAC,DEN,1,Baseline + clutch_lift,0.47081639093488703,133,2024
2025,004240020,2,CLE,IND,IND,0,Baseline + clutch_lift,0.8303669907446586,133,2024
2025,004240021,2,BOS,NYK,NYK,0,Baseline + clutch_lift,0.7096027786903679,133,2024
2025,004240022,2,DEN,OKC,OKC,0,Baseline + clutch_lift,0.11204131336898747,133,2024
2025,004240023,2,GSW,MIN,MIN,0,Baseline + clutch_lift,0.3708713751694075,133,2024
2025,004240030,3,IND,NYK,IND,1,Baseline + clutch_lift,0.3771558101310381,133,2024
2025,004240031,3,MIN,OKC,OKC,0,Baseline + clutch_lift,0.12051008437712392,133,2024
2025,004240040,4,IND,OKC,OKC,0,Baseline + clutch_lift,0.10443858021581517,133,2024
2025,004240010,1,CLE,MIA,CLE,1,Baseline + late_trailing_lift,0.9524914235350698,133,2024
2025,004240011,1,BOS,ORL,BOS,1,Baseline + late_trailing_lift,0.8934170792218005,133,2024
2025,004240012,1,DET,NYK,NYK,0,Baseline + late_trailing_lift,0.31622210760431896,133,2024
2025,004240013,1,IND,MIL,IND,1,Baseline + late_trailing_lift,0.5528704117363903,133,2024
2025,004240014,1,MEM,OKC,OKC,0,Baseline + late_trailing_lift,0.07749452929275477,133,2024
2025,004240015,1,GSW,HOU,GSW,1,Baseline + late_trailing_lift,0.2654918657222009,133,2024
2025,004240016,1,LAL,MIN,MIN,0,Baseline + late_trailing_lift,0.5185323359155947,133,2024
2025,004240017,1,DEN,LAC,DEN,1,Baseline + late_trailing_lift,0.5378359241927004,133,2024
2025,004240020,2,CLE,IND,IND,0,Baseline + late_trailing_lift,0.8372391862962523,133,2024
2025,004240021,2,BOS,NYK,NYK,0,Baseline + late_trailing_lift,0.7381677785248717,133,2024
2025,004240022,2,DEN,OKC,OKC,0,Baseline + late_trailing_lift,0.14188858869497495,133,2024
2025,004240023,2,GSW,MIN,MIN,0,Baseline + late_trailing_lift,0.39573816209320545,133,2024
2025,004240030,3,IND,NYK,IND,1,Baseline + late_trailing_lift,0.4713475933956529,133,2024
2025,004240031,3,MIN,OKC,OKC,0,Baseline + late_trailing_lift,0.11966414513525284,133,2024
2025,004240040,4,IND,OKC,OKC,0,Baseline + late_trailing_lift,0.1264709652159693,133,2024
2025,004240010,1,CLE,MIA,CLE,1,Baseline + all situations,0.9153411419562769,133,2024
2025,004240011,1,BOS,ORL,BOS,1,Baseline + all situations,0.9052058381212195,133,2024
2025,004240012,1,DET,NYK,NYK,0,Baseline + all situations,0.39331995632410693,133,2024
2025,004240013,1,IND,MIL,IND,1,Baseline + all situations,0.5163954369375146,133,2024
2025,004240014,1,MEM,OKC,OKC,0,Baseline + all situations,0.07292334156912024,133,2024
2025,004240015,1,GSW,HOU,GSW,1,Baseline + all situations,0.36145760922643677,133,2024
2025,004240016,1,LAL,MIN,MIN,0,Baseline + all situations,0.4454193249888572,133,2024
2025,004240017,1,DEN,LAC,DEN,1,Baseline + all situations,0.47655225458750405,133,2024
2025,004240020,2,CLE,IND,IND,0,Baseline + all situations,0.7909787280057742,133,2024
2025,004240021,2,BOS,NYK,NYK,0,Baseline + all situations,0.7248253739207349,133,2024
2025,004240022,2,DEN,OKC,OKC,0,Baseline + all situations,0.15820095391217961,133,2024
2025,004240023,2,GSW,MIN,MIN,0,Baseline + all situations,0.38630146775768637,133,2024
2025,004240030,3,IND,NYK,IND,1,Baseline + all situations,0.38108639316253484,133,2024
2025,004240031,3,MIN,OKC,OKC,0,Baseline + all situations,0.16848281352086777,133,2024
2025,004240040,4,IND,OKC,OKC,0,Baseline + all situations,0.11686040967159,133,2024
2025,004240010,1,CLE,MIA,CLE,1,Baseline + recent form,0.9357498047078238,133,2024
2025,004240011,1,BOS,ORL,BOS,1,Baseline + recent form,0.9042487189216412,133,2024
2025,004240012,1,DET,NYK,NYK,0,Baseline + recent form,0.2837497678624274,133,2024
2025,004240013,1,IND,MIL,IND,1,Baseline + recent form,0.5839220829225635,133,2024
2025,004240014,1,MEM,OKC,OKC,0,Baseline + recent form,0.06330677576962897,133,2024
2025,004240015,1,GSW,HOU,GSW,1,Baseline + recent form,0.2548118953483895,133,2024
2025,004240016,1,LAL,MIN,MIN,0,Baseline + recent form,0.511947105094502,133,2024
2025,004240017,1,DEN,LAC,DEN,1,Baseline + recent form,0.43986948541400583,133,2024
2025,004240020,2,CLE,IND,IND,0,Baseline + recent form,0.7929496827044853,133,2024
2025,004240021,2,BOS,NYK,NYK,0,Baseline + recent form,0.7412596657428423,133,2024
2025,004240022,2,DEN,OKC,OKC,0,Baseline + recent form,0.11296988219513686,133,2024
2025,004240023,2,GSW,MIN,MIN,0,Baseline + recent form,0.397748560574982,133,2024
2025,004240030,3,IND,NYK,IND,1,Baseline + recent form,0.4392733809947923,133,2024
2025,004240031,3,MIN,OKC,OKC,0,Baseline + recent form,0.11605436126263803,133,2024
2025,004240040,4,IND,OKC,OKC,0,Baseline + recent form,0.12217488433600034,133,2024
2026,004250010,1,DET,ORL,DET,1,Seed + home court,0.8826861705427927,148,2025
2026,004250011,1,BOS,PHI,PHI,0,Seed + home court,0.8143871300049834,148,2025
2026,004250012,1,ATL,NYK,NYK,0,Seed + home court,0.28101584055284135,148,2025
2026,004250013,1,CLE,TOR,CLE,1,Seed + home court,0.5987078155506947,148,2025
2026,004250014,1,OKC,PHX,OKC,1,Seed + home court,0.8826861705427927,148,2025
2026,004250015,1,POR,SAS,SAS,0,Seed + home court,0.18561286999501664,148,2025
2026,004250016,1,DEN,MIN,MIN,0,Seed + home court,0.7189841594471587,148,2025
2026,004250017,1,HOU,LAL,LAL,0,Seed + home court,0.40129218444930526,148,2025
2026,004250020,2,CLE,DET,CLE,1,Seed + home court,0.28101584055284135,148,2025
2026,004250021,2,NYK,PHI,NYK,1,Seed + home court,0.7701397513874899,148,2025
2026,004250022,2,LAL,OKC,OKC,0,Seed + home court,0.28101584055284135,148,2025
2026,004250023,2,MIN,SAS,SAS,0,Seed + home court,0.22986024861251012,148,2025
2026,004250030,3,CLE,NYK,NYK,0,Seed + home court,0.40129218444930526,148,2025
2026,004250031,3,OKC,SAS,SAS,0,Seed + home court,0.5987078155506947,148,2025
2026,004250040,4,NYK,SAS,NYK,1,Seed + home court,0.40129218444930526,148,2025
2026,004250010,1,DET,ORL,DET,1,Strength baseline,0.8919717623592438,148,2025
2026,004250011,1,BOS,PHI,PHI,0,Strength baseline,0.8441752912319006,148,2025
2026,004250012,1,ATL,NYK,NYK,0,Strength baseline,0.274849992769595,148,2025
2026,004250013,1,CLE,TOR,CLE,1,Strength baseline,0.6175820171303921,148,2025
2026,004250014,1,OKC,PHX,OKC,1,Strength baseline,0.9208089513171718,148,2025
2026,004250015,1,POR,SAS,SAS,0,Strength baseline,0.10261090633477911,148,2025
2026,004250016,1,DEN,MIN,MIN,0,Strength baseline,0.6793693178687406,148,2025
2026,004250017,1,HOU,LAL,LAL,0,Strength baseline,0.5114062189863966,148,2025
2026,004250020,2,CLE,DET,CLE,1,Strength baseline,0.2642732624022276,148,2025
2026,004250021,2,NYK,PHI,NYK,1,Strength baseline,0.7898552562790288,148,2025
2026,004250022,2,LAL,OKC,OKC,0,Strength baseline,0.1794952148559409,148,2025
2026,004250023,2,MIN,SAS,SAS,0,Strength baseline,0.18619107257237205,148,2025
2026,004250030,3,CLE,NYK,NYK,0,Strength baseline,0.42253828024874196,148,2025
2026,004250031,3,OKC,SAS,SAS,0,Strength baseline,0.5977308320568896,148,2025
2026,004250040,4,NYK,SAS,NYK,1,Strength baseline,0.33566346795403845,148,2025
2026,004250010,1,DET,ORL,DET,1,Baseline + front_running_gap,0.8840152676039881,148,2025
2026,004250011,1,BOS,PHI,PHI,0,Baseline + front_running_gap,0.8393411823258314,148,2025
2026,004250012,1,ATL,NYK,NYK,0,Baseline + front_running_gap,0.29012500009404185,148,2025
2026,004250013,1,CLE,TOR,CLE,1,Baseline + front_running_gap,0.5811541701874285,148,2025
2026,004250014,1,OKC,PHX,OKC,1,Baseline + front_running_gap,0.9249914344186976,148,2025
2026,004250015,1,POR,SAS,SAS,0,Baseline + front_running_gap,0.11703215655962454,148,2025
2026,004250016,1,DEN,MIN,MIN,0,Baseline + front_running_gap,0.6310514477709742,148,2025
2026,004250017,1,HOU,LAL,LAL,0,Baseline + front_running_gap,0.5030602386804843,148,2025
2026,004250020,2,CLE,DET,CLE,1,Baseline + front_running_gap,0.24602898867484868,148,2025
2026,004250021,2,NYK,PHI,NYK,1,Baseline + front_running_gap,0.783758638719182,148,2025
2026,004250022,2,LAL,OKC,OKC,0,Baseline + front_running_gap,0.1717842373971748,148,2025
2026,004250023,2,MIN,SAS,SAS,0,Baseline + front_running_gap,0.22164137641700532,148,2025
2026,004250030,3,CLE,NYK,NYK,0,Baseline + front_running_gap,0.37647377376877206,148,2025
2026,004250031,3,OKC,SAS,SAS,0,Baseline + front_running_gap,0.6562705330275566,148,2025
2026,004250040,4,NYK,SAS,NYK,1,Baseline + front_running_gap,0.3689240061784635,148,2025
2026,004250010,1,DET,ORL,DET,1,Baseline + big_deficit_lift,0.8823229351859114,148,2025
2026,004250011,1,BOS,PHI,PHI,0,Baseline + big_deficit_lift,0.8335856466852307,148,2025
2026,004250012,1,ATL,NYK,NYK,0,Baseline + big_deficit_lift,0.32081764795224194,148,2025
2026,004250013,1,CLE,TOR,CLE,1,Baseline + big_deficit_lift,0.5537536700166145,148,2025
2026,004250014,1,OKC,PHX,OKC,1,Baseline + big_deficit_lift,0.9268426718663252,148,2025
2026,004250015,1,POR,SAS,SAS,0,Baseline + big_deficit_lift,0.13439977408240658,148,2025
2026,004250016,1,DEN,MIN,MIN,0,Baseline + big_deficit_lift,0.6247910545254859,148,2025
2026,004250017,1,HOU,LAL,LAL,0,Baseline + big_deficit_lift,0.5090805138423572,148,2025
2026,004250020,2,CLE,DET,CLE,1,Baseline + big_deficit_lift,0.2185191087984645,148,2025
2026,004250021,2,NYK,PHI,NYK,1,Baseline + big_deficit_lift,0.7500759643759668,148,2025
2026,004250022,2,LAL,OKC,OKC,0,Baseline + big_deficit_lift,0.15989825645370925,148,2025
2026,004250023,2,MIN,SAS,SAS,0,Baseline + big_deficit_lift,0.22319098558464867,148,2025
2026,004250030,3,CLE,NYK,NYK,0,Baseline + big_deficit_lift,0.3684773812926552,148,2025
2026,004250031,3,OKC,SAS,SAS,0,Baseline + big_deficit_lift,0.6728350642960291,148,2025
2026,004250040,4,NYK,SAS,NYK,1,Baseline + big_deficit_lift,0.35381214493014773,148,2025
2026,004250010,1,DET,ORL,DET,1,Baseline + close_lift,0.8944558138484264,148,2025
2026,004250011,1,BOS,PHI,PHI,0,Baseline + close_lift,0.8458736682595929,148,2025
2026,004250012,1,ATL,NYK,NYK,0,Baseline + close_lift,0.2572582434812764,148,2025
2026,004250013,1,CLE,TOR,CLE,1,Baseline + close_lift,0.6602586973063734,148,2025
2026,004250014,1,OKC,PHX,OKC,1,Baseline + close_lift,0.9193294369650443,148,2025
2026,004250015,1,POR,SAS,SAS,0,Baseline + close_lift,0.1339301878472106,148,2025
2026,004250016,1,DEN,MIN,MIN,0,Baseline + close_lift,0.6648490124040337,148,2025
2026,004250017,1,HOU,LAL,LAL,0,Baseline + close_lift,0.5446325999357189,148,2025
2026,004250020,2,CLE,DET,CLE,1,Baseline + close_lift,0.30011118760672195,148,2025
2026,004250021,2,NYK,PHI,NYK,1,Baseline + close_lift,0.8237226227932731,148,2025
2026,004250022,2,LAL,OKC,OKC,0,Baseline + close_lift,0.19267375446995333,148,2025
2026,004250023,2,MIN,SAS,SAS,0,Baseline + close_lift,0.23616985620140532,148,2025
2026,004250030,3,CLE,NYK,NYK,0,Baseline + close_lift,0.39750926870576553,148,2025
2026,004250031,3,OKC,SAS,SAS,0,Baseline + close_lift,0.6348817965831544,148,2025
2026,004250040,4,NYK,SAS,NYK,1,Baseline + close_lift,0.4356577090495035,148,2025
2026,004250010,1,DET,ORL,DET,1,Baseline + clutch_lift,0.8892347786239564,148,2025
2026,004250011,1,BOS,PHI,PHI,0,Baseline + clutch_lift,0.8697496019172163,148,2025
2026,004250012,1,ATL,NYK,NYK,0,Baseline + clutch_lift,0.3084109243560481,148,2025
2026,004250013,1,CLE,TOR,CLE,1,Baseline + clutch_lift,0.6049778236384649,148,2025
2026,004250014,1,OKC,PHX,OKC,1,Baseline + clutch_lift,0.8967173282522554,148,2025
2026,004250015,1,POR,SAS,SAS,0,Baseline + clutch_lift,0.11470395640930597,148,2025
2026,004250016,1,DEN,MIN,MIN,0,Baseline + clutch_lift,0.6877849392679425,148,2025
2026,004250017,1,HOU,LAL,LAL,0,Baseline + clutch_lift,0.5712461812303483,148,2025
2026,004250020,2,CLE,DET,CLE,1,Baseline + clutch_lift,0.2545707426553074,148,2025
2026,004250021,2,NYK,PHI,NYK,1,Baseline + clutch_lift,0.7875804385263719,148,2025
2026,004250022,2,LAL,OKC,OKC,0,Baseline + clutch_lift,0.19654331237846343,148,2025
2026,004250023,2,MIN,SAS,SAS,0,Baseline + clutch_lift,0.20549420876244595,148,2025
2026,004250030,3,CLE,NYK,NYK,0,Baseline + clutch_lift,0.43514906994688834,148,2025
2026,004250031,3,OKC,SAS,SAS,0,Baseline + clutch_lift,0.5632319835142431,148,2025
2026,004250040,4,NYK,SAS,NYK,1,Baseline + clutch_lift,0.31796795909141257,148,2025
2026,004250010,1,DET,ORL,DET,1,Baseline + late_trailing_lift,0.8908845098022713,148,2025
2026,004250011,1,BOS,PHI,PHI,0,Baseline + late_trailing_lift,0.8307853445531356,148,2025
2026,004250012,1,ATL,NYK,NYK,0,Baseline + late_trailing_lift,0.2933094661409561,148,2025
2026,004250013,1,CLE,TOR,CLE,1,Baseline + late_trailing_lift,0.6463709021490909,148,2025
2026,004250014,1,OKC,PHX,OKC,1,Baseline + late_trailing_lift,0.9264568608838197,148,2025
2026,004250015,1,POR,SAS,SAS,0,Baseline + late_trailing_lift,0.10271663702676484,148,2025
2026,004250016,1,DEN,MIN,MIN,0,Baseline + late_trailing_lift,0.676044448695419,148,2025
2026,004250017,1,HOU,LAL,LAL,0,Baseline + late_trailing_lift,0.5056305609837153,148,2025
2026,004250020,2,CLE,DET,CLE,1,Baseline + late_trailing_lift,0.2563667419071105,148,2025
2026,004250021,2,NYK,PHI,NYK,1,Baseline + late_trailing_lift,0.7686129777155798,148,2025
2026,004250022,2,LAL,OKC,OKC,0,Baseline + late_trailing_lift,0.1921412102921268,148,2025
2026,004250023,2,MIN,SAS,SAS,0,Baseline + late_trailing_lift,0.19666282096351154,148,2025
2026,004250030,3,CLE,NYK,NYK,0,Baseline + late_trailing_lift,0.43001661061500696,148,2025
2026,004250031,3,OKC,SAS,SAS,0,Baseline + late_trailing_lift,0.5873662040632,148,2025
2026,004250040,4,NYK,SAS,NYK,1,Baseline + late_trailing_lift,0.3252932108931429,148,2025
2026,004250010,1,DET,ORL,DET,1,Baseline + all situations,0.8835104054740723,148,2025
2026,004250011,1,BOS,PHI,PHI,0,Baseline + all situations,0.851226203601191,148,2025
2026,004250012,1,ATL,NYK,NYK,0,Baseline + all situations,0.3991336048949127,148,2025
2026,004250013,1,CLE,TOR,CLE,1,Baseline + all situations,0.634227969331904,148,2025
2026,004250014,1,OKC,PHX,OKC,1,Baseline + all situations,0.9008435547725073,148,2025
2026,004250015,1,POR,SAS,SAS,0,Baseline + all situations,0.27189764342402983,148,2025
2026,004250016,1,DEN,MIN,MIN,0,Baseline + all situations,0.6243509111401647,148,2025
2026,004250017,1,HOU,LAL,LAL,0,Baseline + all situations,0.6534406948729564,148,2025
2026,004250020,2,CLE,DET,CLE,1,Baseline + all situations,0.22523190895835113,148,2025
2026,004250021,2,NYK,PHI,NYK,1,Baseline + all situations,0.7425293927491237,148,2025
2026,004250022,2,LAL,OKC,OKC,0,Baseline + all situations,0.20750227414837596,148,2025
2026,004250023,2,MIN,SAS,SAS,0,Baseline + all situations,0.36271515876166965,148,2025
2026,004250030,3,CLE,NYK,NYK,0,Baseline + all situations,0.36546194737960447,148,2025
2026,004250031,3,OKC,SAS,SAS,0,Baseline + all situations,0.6727173914685243,148,2025
2026,004250040,4,NYK,SAS,NYK,1,Baseline + all situations,0.45699302553914006,148,2025
2026,004250010,1,DET,ORL,DET,1,Baseline + recent form,0.9140966811792277,148,2025
2026,004250011,1,BOS,PHI,PHI,0,Baseline + recent form,0.8607431117313156,148,2025
2026,004250012,1,ATL,NYK,NYK,0,Baseline + recent form,0.3165977046229621,148,2025
2026,004250013,1,CLE,TOR,CLE,1,Baseline + recent form,0.5896991580003276,148,2025
2026,004250014,1,OKC,PHX,OKC,1,Baseline + recent form,0.9227643720577519,148,2025
2026,004250015,1,POR,SAS,SAS,0,Baseline + recent form,0.10944367427383235,148,2025
2026,004250016,1,DEN,MIN,MIN,0,Baseline + recent form,0.7398797169833228,148,2025
2026,004250017,1,HOU,LAL,LAL,0,Baseline + recent form,0.4642840721861631,148,2025
2026,004250020,2,CLE,DET,CLE,1,Baseline + recent form,0.22816853977858176,148,2025
2026,004250021,2,NYK,PHI,NYK,1,Baseline + recent form,0.8040233340566781,148,2025
2026,004250022,2,LAL,OKC,OKC,0,Baseline + recent form,0.19547831276578886,148,2025
2026,004250023,2,MIN,SAS,SAS,0,Baseline + recent form,0.13536960388367011,148,2025
2026,004250030,3,CLE,NYK,NYK,0,Baseline + recent form,0.4071627534083346,148,2025
2026,004250031,3,OKC,SAS,SAS,0,Baseline + recent form,0.5632514089069829,148,2025
2026,004250040,4,NYK,SAS,NYK,1,Baseline + recent form,0.2929658366127015,148,2025
