team,games,wins,point_diff,win_pct,srs,last20_point_diff,recent_games,season,conference,seed,possession_games,possession_game_coverage,overall_relative_net,big_deficit_lift,big_deficit_lift_off_n,big_deficit_lift_def_n,close_lift,close_lift_off_n,close_lift_def_n,clutch_lift,clutch_lift_off_n,clutch_lift_def_n,late_trailing_lift,late_trailing_lift_off_n,late_trailing_lift_def_n,front_running_gap,front_running_gap_lead_off_n,front_running_gap_lead_def_n,front_running_gap_deficit_off_n,front_running_gap_deficit_def_n,opponent_adjusted_front_running_gap,opponent_adjusted_big_deficit_lift,opponent_adjusted_close_lift,opponent_adjusted_clutch_lift,opponent_adjusted_late_trailing_lift,expected_series_wins,second_round_probability,conference_finals_probability,finals_probability,title_probability,actual_series_wins,overperformance,joint_expected_series_wins
BKN,72,35,-0.5694444444444444,0.4861111111111111,-0.850653362470473,-0.35,20,2020,E,7.0,72,1.0,-0.5361496141659694,-4.108369895902192,871,763,4.267897694478192,3632,3521,4.1909889025878915,348,336,-2.654738308240524,516,475,4.031414999874853,939,1077,871,763,0.5386645515915465,-2.4200443660916955,4.303087614669491,4.13969892230746,-1.708130133550848,0.1004201563322705,0.0843804644556156,0.014655938270775644,0.001255767700572338,0.00012798590530690594,0,-0.1004201563322705,0.20132291500418342
BOS,72,48,6.305555555555555,0.6666666666666666,5.994955184296918,4.0,20,2020,E,3.0,71,0.9861111111111112,8.376543651264884,5.568548125053912,486,377,-1.1639613314164325,3290,3214,-8.3790906906782,302,289,-7.3859773374318864,419,387,-8.784423394214304,1333,1516,486,377,-12.111084879641218,8.016569723152507,-1.2169458955736845,-7.690654938804143,-5.965354145392013,1.2627009933057898,0.772094849191849,0.33053252035126096,0.11334552019629549,0.04672810356638447,2,0.7372990066942102,1.0472662862349926
DAL,75,43,4.946666666666666,0.5733333333333334,5.036158663158667,2.1,20,2020,W,7.0,73,0.9733333333333334,6.590102970547327,-1.934679733679915,609,513,-2.1042285968420567,3250,3208,-12.575019834448256,308,302,0.6902591223471601,411,351,1.107528326485852,1394,1591,609,513,-2.6265984702230334,-0.18165122592685812,-1.7332483688428857,-12.158568224300963,1.6389607884474184,0.19947451179932876,0.1483250175533977,0.04343186278822312,0.006867114919911851,0.0008505165377960999,0,-0.19947451179932876,0.16118797515803587
DEN,72,46,2.25,0.6388888888888888,2.573699002645257,-1.65,20,2020,W,3.0,72,1.0,2.8531306404467474,4.958355372869557,703,583,0.7331315696052876,3403,3386,8.684666202808902,347,327,2.7815732729319094,506,441,-8.667107451446453,801,939,703,583,-9.58397012973683,5.330264311194078,0.7217355184005516,8.462911247216388,2.4325872614459025,1.1470233424197251,0.7112546671101825,0.29884239908726057,0.10532092862499279,0.03160534759728921,2,0.8529766575802749,1.0552413439325854
HOU,72,44,2.9583333333333335,0.6111111111111112,3.2959957113228313,1.15,20,2020,W,4.0,72,1.0,3.27516404210614,-4.133669579445746,1060,930,4.400638669106638,3105,2972,8.244537756871654,234,224,-3.896389472627252,439,427,2.748545260958611,1196,1387,1060,930,0.9334209796145703,-3.611142490068563,4.546888439814721,8.852952780906618,-3.8141853390549327,0.7763993108139601,0.5725770806178963,0.1395547195456642,0.05180771616979588,0.012459794480603721,1,0.22360068918603992,1.0578733250462096
IND,72,44,1.75,0.6111111111111112,1.551930648619779,0.35,20,2020,E,4.0,72,1.0,2.538167901188533,-7.833850879558415,749,659,0.6250659846155413,3413,3444,6.252100362115813,291,276,6.001549388981351,411,350,3.756631995854379,1043,1195,749,659,0.39455933692572875,-5.5961033628347145,0.5633661290225551,6.272149926089723,6.865326653028529,0.6960441094662341,0.5525366933897847,0.10301035894383005,0.031685546325012054,0.008811510807607182,0,-0.6960441094662341,0.746147554043776
LAC,71,48,6.47887323943662,0.676056338028169,6.827177411904164,7.5,20,2020,W,2.0,70,0.9859154929577465,7.800896011811599,-3.05766210474051,621,509,-1.5573840201655162,3067,3025,-5.981905638629475,223,210,-2.4249015946999233,442,401,3.4792180236456263,1524,1697,621,509,0.8906330118860346,-2.387905748075374,-0.7170719152743885,-5.0373145197859195,-1.045308182157231,1.8395370829691513,0.8516749824466023,0.5876469431675053,0.2810776586073083,0.11913749874773545,1,-0.8395370829691513,1.8566389306355817
LAL,71,52,5.788732394366197,0.7323943661971831,6.444955026858632,2.35,20,2020,W,1.0,70,0.9859154929577465,7.187403877405149,-4.320919604304807,631,529,2.398236561430024,3264,3136,-2.9483986175696097,228,218,-1.2258629392696623,293,267,2.6545218506416375,1301,1459,631,529,-0.49101544443619005,-3.071746924570003,2.7072926957713257,-2.7009998430479403,-0.12145949511332166,2.4998507578123066,0.9516218709074323,0.7669235266443191,0.5140699592693642,0.26723540099119114,4,1.5001492421876934,2.439922034995891
MIA,72,44,3.2222222222222223,0.6111111111111112,2.9920720117812403,2.4,20,2020,E,5.0,71,0.9861111111111112,4.260418567616064,-0.7556286721868597,544,452,2.190658666569954,3170,3054,-13.118822479269445,292,289,-3.451093833979221,444,416,-4.107949133946091,1388,1574,544,452,-7.662133090706802,1.006807395465624,2.572430995683458,-13.050002179984105,-2.808497159439554,0.5425006875008167,0.44746330661021516,0.07141695903766485,0.019048261661176725,0.004572160191760031,3,2.4574993124991833,0.4413122706904236
MIL,73,56,10.082191780821917,0.7671232876712328,9.565124234196954,3.75,20,2020,E,1.0,71,0.9726027397260274,11.853063204860959,0.8896379660123408,619,526,6.041811650252988,2599,2408,-0.7462012984066568,153,130,-15.346713356069262,231,247,-7.598107829897467,2090,2370,619,526,-10.550484377663507,3.0567128239803605,6.023328307540833,0.09834628093304332,-13.294732315582694,2.70383304004493,0.9647438004359741,0.8195081656751296,0.5590695337863401,0.3605115401474862,1,-1.70383304004493,3.0075040851255457
OKC,71,44,2.0704225352112675,0.6197183098591549,2.482553666299545,0.4,20,2020,W,5.0,70,0.9859154929577465,2.6245920272342342,-1.4793986921040059,898,794,-0.5757560116928202,3364,3348,15.660455437851635,365,347,9.582950154657556,569,509,0.04876369354996557,820,951,898,794,-4.18426914784485,0.38482287175788255,-0.31655566221148046,15.736690125532618,10.768311700706708,0.5438543542446546,0.42742291938210375,0.08499732460672517,0.026331715078850855,0.005102395176974795,0,-0.5438543542446546,0.3804885815810924
ORL,73,33,-1.0136986301369864,0.4520547945205479,-0.7662955101185822,1.05,20,2020,E,8.0,73,1.0,-1.1778292870004399,5.609245939411798,1088,935,-0.716988109593411,3340,3377,-8.562801001320576,251,242,-3.7600086831799753,566,568,-2.461783170506495,802,914,1088,935,-7.190429385048132,8.518342181151315,-1.273387063612959,-8.921060225807,-2.490585078664535,0.04186360647075626,0.035256199564025974,0.006064516343375465,0.0005060565615694455,3.683400178536761e-05,0,-0.04186360647075626,0.026038585453205136
PHI,73,43,2.3835616438356166,0.589041095890411,2.4131509334599732,2.75,20,2020,E,6.0,72,0.9863013698630136,3.1250977896978576,3.691487153958973,675,531,2.0089512496758877,3421,3301,-2.575873727644955,258,258,-5.204175688185264,414,406,-5.242458578347595,1010,1178,675,531,-7.335504510790616,4.990380304545308,2.1421099876327276,-2.6276277861209976,-4.963260878171005,0.2817002525015158,0.22790515080815096,0.045663056381706146,0.006880740660991207,0.0012513046506675387,0,-0.2817002525015158,0.38327660036003236
POR,74,35,-1.1486486486486487,0.47297297297297297,-0.4490504636756932,-0.45,20,2020,W,8.0,74,1.0,-1.6386889548596835,2.598144165173907,1216,1027,2.23120516001713,3417,3359,8.726309806634863,263,270,4.6186778257546095,540,523,-6.540287784368775,689,836,1216,1027,-8.721436885939955,3.9896417639727995,1.8043768893701149,8.369848826613659,4.610775076179211,0.057881729136678474,0.04837812909256776,0.00852442920329176,0.0009235454623331244,5.5625378485837774e-05,0,-0.057881729136678474,0.04879055339001874
TOR,71,52,6.211267605633803,0.7323943661971831,6.067782142070636,5.2,20,2020,E,2.0,70,0.9859154929577465,7.155896763502975,5.56112574052283,536,436,0.5373252209979329,3180,3129,7.902876215624894,268,256,-5.639960972371586,411,378,-10.754833955814284,1261,1447,536,436,-15.262513119371075,8.617994442313694,0.4995012564559014,7.556583166134583,-4.191499130154763,1.9323849538824232,0.9156195355443844,0.6091484849962573,0.26820857310804275,0.13940836023373873,1,-0.9323849538824232,1.7549733797265405
UTA,72,44,2.4722222222222223,0.6111111111111112,2.686588279099329,-1.15,20,2020,W,6.0,71,0.9861111111111112,3.139864341962931,0.843349021022838,739,623,0.10460894092644013,3261,3216,3.986638272977208,307,283,1.3890100209230534,406,365,-4.463082034094419,1177,1325,739,623,-7.675660478109063,2.426876346231318,0.20324912714721366,4.301863571520645,2.5727717624054773,0.3745311112994599,0.2887453328898176,0.07007879495701114,0.013601361867443347,0.0021056215851878004,0,-0.3745311112994599,0.392015578621886
ATL,72,41,2.3194444444444446,0.5694444444444444,2.1417777777777767,3.6,20,2021,E,5.0,72,1.0,2.7413342379232484,-1.2497791119213004,927,792,1.4447377902252114,3240,3172,-2.9933112183505552,251,260,-0.33451064925402463,448,423,-3.528058819111234,1048,1210,927,792,-6.5625429069586705,0.16614372896594176,1.7207521915961368,-3.0604967230001026,-0.19358397812686645,0.43168754220087246,0.3520852113381026,0.06248120708022858,0.014653146026192153,0.0024679777563491167,2,1.5683124577991276,0.37889395364142386
BKN,72,48,4.5,0.6666666666666666,4.2351111111111255,3.6,20,2021,E,2.0,68,0.9444444444444444,5.833782109569611,10.715420275277964,700,558,-1.8258004422359724,3049,3069,-1.4448261106859608,302,289,-0.0465049832852964,341,325,-14.698265391026766,1241,1398,700,558,-16.564686799303196,11.983022527300644,-1.676900374873135,-1.2252545370141785,-0.06276250304338493,1.9288689435014186,0.9034603527001998,0.635777454096841,0.27742746105941796,0.11220367564495984,1,-0.9288689435014186,1.6435430908308728
BOS,72,36,1.4583333333333333,0.5,1.3151111111111071,1.2,20,2021,E,7.0,70,0.9722222222222222,1.6420397575586956,10.615020525861478,1045,878,-2.6682404750417037,3002,3046,-7.692809187570707,300,319,6.931852624144384,617,578,-13.011333972683907,1008,1130,1045,878,-15.585734614341462,11.225455210371125,-2.1090330184807646,-7.374119135330239,7.347029842515751,0.11475643499711559,0.09653964729980018,0.016337646409007922,0.001728831585558761,0.00015030970274873258,0,-0.11475643499711559,0.1072006673413908
DAL,72,42,2.263888888888889,0.5833333333333334,2.2582222222222144,2.8,20,2021,W,5.0,69,0.9583333333333334,2.5764307435149925,-2.7174970662707727,894,784,-1.0637223334315322,2985,2996,-4.571480806571078,188,190,3.358894743497121,394,359,4.2729933527158686,1133,1259,894,784,3.057539020891848,-2.6066715425594795,-0.521520126144333,-4.098062292872676,3.6302251118262463,0.3745150405158013,0.30813855219997677,0.05212329237501723,0.011883930600778506,0.0023692653400288082,0,-0.3745150405158013,0.4083506390106991
DEN,72,47,4.930555555555555,0.6527777777777778,4.81822222222221,3.4,20,2021,W,3.0,69,0.9583333333333334,5.652181047350581,4.898457357091397,582,478,1.2794249126969586,2803,2704,-0.5943802109399243,265,264,-4.6301846422437,452,432,-10.649222332792418,1541,1752,582,478,-12.3874902652423,5.62279017178596,1.898609714083765,0.2508966802078838,-3.7795690962103605,1.2370616844806428,0.7990114013679501,0.2977382457291011,0.10339542492575739,0.0369166124578341,1,-0.2370616844806428,1.0927963554581916
LAC,72,47,6.180555555555555,0.6527777777777778,6.018222222222221,5.15,20,2021,W,4.0,72,1.0,7.056283720391312,-1.7859765127754974,641,532,-1.6500577477508624,2926,2895,-10.345213912035293,168,176,-8.239546930747427,402,390,-3.1981502279641276,1506,1699,641,532,-6.127178136926651,-0.13063085547192088,-1.3030798537467145,-10.017717182021945,-7.392962883275619,0.9222476822888385,0.6918614478000232,0.1632948824365827,0.05163876486018558,0.01545258719204704,2,1.0777523177111616,0.9308407414038113
LAL,72,42,2.7916666666666665,0.5833333333333334,2.7648888888888803,-0.5,20,2021,W,7.0,66,0.9166666666666666,3.2574111454921084,6.6019814085979895,918,769,-0.18217051213714708,2840,2854,3.5016314482644075,240,229,1.877560914577761,366,356,-7.864315818447272,944,1090,918,769,-12.128111989246094,9.453456235434311,-0.5122315073225638,2.6880180741896393,1.781991324023013,0.1318496581663182,0.10775965943750494,0.02129926084850814,0.002475680763832712,0.0003150571164724131,0,-0.1318496581663182,0.05516110806361325
MEM,72,38,1.0277777777777777,0.5277777777777778,1.0715555555555527,0.2,20,2021,W,8.0,72,1.0,1.3780903441200685,-6.435462452727188,973,888,3.8352624606445,3493,3407,-6.225433221974258,283,278,-4.250222729196123,369,332,3.978223191392783,879,1044,973,888,0.8508812434810697,-4.182603122814162,3.4489690937842195,-5.45684882958463,-3.510517297303684,0.062433470689898914,0.05307961796740256,0.00848370394972357,0.0008055766951986049,6.457207757418024e-05,0,-0.062433470689898914,0.13259500965369886
MIA,72,40,0.027777777777777776,0.5555555555555556,-0.05822222222222345,2.1,20,2021,E,6.0,71,0.9861111111111112,0.08873311703773812,-5.164077153229524,953,846,4.044093065729622,3246,3154,-3.311891520104322,232,228,-1.8210030804022221,339,313,-2.6699968836084995,861,1021,953,846,-6.940564714503656,-2.5632495200539385,3.900639533297179,-3.0106052668838146,-1.249164766207561,0.2398448030252889,0.19507118048854824,0.03819438949380657,0.005827937689662087,0.0007512953532720106,0,-0.2398448030252889,0.332945909185876
MIL,72,46,5.888888888888889,0.6388888888888888,5.568444444444436,6.8,20,2021,E,3.0,69,0.9583333333333334,7.2812189415570145,-3.769391581816384,666,579,-1.2413606344584958,2907,2815,-7.1445443937915245,199,189,-5.427749127864555,292,276,0.7519175134232325,1716,1919,666,579,-2.284039156933731,-1.8075193869953727,-0.9439359518914845,-6.232375612870277,-4.589395793740076,1.2600221286500095,0.8049288195114517,0.30969051000034437,0.11170822267559516,0.033694576462618274,4,2.7399778713499905,1.3239166524383938
NYK,72,41,2.2916666666666665,0.5694444444444444,2.115111111111112,6.2,20,2021,E,4.0,71,0.9861111111111112,2.6952935583168616,-3.5790110563133437,718,632,2.8171232565160222,3317,3216,3.3171813740571015,304,301,-5.901467075749676,448,434,1.0098271584593126,915,1079,718,632,-3.0226154910814755,-1.3791459392580308,3.016443833046072,3.7391964240085356,-5.40211637993778,0.836436539229287,0.6479147886618973,0.14008837425249512,0.040003499964232365,0.008429876350662181,0,-0.836436539229287,0.933022396454058
PHI,72,49,5.583333333333333,0.6805555555555556,5.2751111111111095,7.7,20,2021,E,1.0,68,0.9444444444444444,6.702126238523071,-5.031335621096327,739,657,1.809749927883641,2715,2640,1.292629919452624,272,254,5.999064770727988,341,311,1.461582654673116,1788,1983,739,657,-2.18246619378386,-3.181975406678407,2.284665107411419,1.7289346549726154,7.2669656570028085,2.5479806516643864,0.9489861341780896,0.7891348865419944,0.5479141645674296,0.26194546637687305,1,-1.5479806516643864,2.5888600477323185
PHX,72,51,5.819444444444445,0.7083333333333334,5.671555555555565,2.9,20,2021,W,2.0,69,0.9583333333333334,6.500552959979074,-7.212146019353938,486,422,4.684149307294875,3407,3216,-7.342538510952389,294,271,3.9700719622639458,320,274,5.788463567289803,1203,1370,486,422,3.841188863642207,-6.333876568359509,4.859579126178264,-7.076205786823144,4.381358083231129,1.981821317054832,0.8922403405624951,0.6420772282589877,0.2818190553019708,0.16568469293137816,3,1.018178682945168,2.6214509018239553
POR,72,42,1.7916666666666667,0.5833333333333334,1.8048888888888888,6.5,20,2021,W,6.0,70,0.9722222222222222,1.832684489143141,1.0612539732864765,972,837,-0.16025758723838335,3078,3077,15.503357933435268,279,247,9.714891646620684,394,363,0.47707183341164905,1203,1330,972,837,-4.291407331004166,3.269272626934888,0.2947430893025511,15.2155922340747,9.605136515074722,0.24649204821604773,0.20098859863204988,0.03888526516340313,0.005704264223898473,0.0009139201966962446,0,-0.24649204821604773,0.1780097267636942
UTA,72,52,9.25,0.7222222222222222,8.964888888888888,8.35,20,2021,W,1.0,72,1.0,10.73828213413626,-1.2836933972322147,607,511,-4.0651985018363925,2651,2615,-9.424929113892766,185,171,-3.74615315833769,302,290,0.08384047047503351,2078,2240,607,511,-3.0794676002229284,0.6457666917832121,-3.6596812208288085,-8.819338714799411,-3.4855834789703,2.6238898451924473,0.9469203820325974,0.7760981212386765,0.5422773026283779,0.3585940392927953,1,-1.6238898451924473,2.2314525021889096
WAS,72,34,-1.8333333333333333,0.4722222222222222,-1.8448888888888864,7.4,20,2021,E,8.0,70,0.9722222222222222,-2.067657407534424,1.741247988195998,1219,1068,-1.2047011459121393,3376,3431,4.622094839454583,330,346,10.755503718258995,593,553,-2.9127166725460767,734,858,1219,1068,-5.563843572196761,3.251137639531076,-1.2393490096316682,5.275039512178159,11.394245434001888,0.060092210126794804,0.05101386582191039,0.008295532125281974,0.0007367364319119353,4.60757476904995e-05,0,-0.060092210126794804,0.04096029800909242
ATL,82,43,1.5609756097560976,0.524390243902439,1.5529908553809468,4.0,20,2022,E,8.0,78,0.9512195121951219,1.7696932829426908,6.049282702916933,922,778,0.2614328282387861,3222,3179,-6.869658728129096,237,234,-11.528192337553387,442,449,-9.478963905270072,1262,1451,922,778,-10.98578056232091,6.4366418257414075,0.6754275097024864,-7.050143125085608,-11.020959006779833,0.0999238393563726,0.08091455347785748,0.01666279090291781,0.002174729650909634,0.00017176532468768447,0,-0.0999238393563726,
BKN,82,44,0.7804878048780488,0.5365853658536586,0.8185999627013625,6.0,20,2022,E,7.0,79,0.9634146341463414,1.3735921313167805,4.075129174623253,1176,1016,0.6649236935508438,3356,3328,1.893212770636004,305,302,1.4257715116662562,542,511,-6.330663154458495,1148,1324,1176,1016,-9.157105020164234,5.62143918616372,0.7338741654040895,2.2877219177037897,2.044000684328732,0.15252864734122906,0.12077507916347784,0.02725378264197322,0.004094655297132729,0.00040513023864528297,0,-0.15252864734122906,
BOS,82,51,7.280487804878049,0.6219512195121951,7.0182831967053545,12.05,20,2022,E,2.0,80,0.975609756097561,8.64675127687486,2.043037530670288,634,516,-1.3913524421961405,3370,3271,-15.492379711332834,308,292,-7.006098391392975,417,373,1.9136084672002376,1950,2120,634,516,0.011256920313158503,3.3991575148677633,-1.3852598348239322,-15.119274175334272,-6.529922240688503,1.9154811218876946,0.8792249208365222,0.6056263192036703,0.3100154972593743,0.12061438458812787,3,1.0845188781123054,
CHI,82,46,-0.4146341463414634,0.5609756097560976,-0.3989946510574847,-7.5,20,2022,E,6.0,78,0.9512195121951219,-0.9842335097337442,-0.8759178724588612,1216,1057,4.270925761944077,3434,3355,8.608794128516529,274,267,7.333308807820425,461,437,-1.1294641428883958,924,1062,1216,1057,-5.333777055374343,1.526695614726971,4.055520341148945,8.2726243598662,7.3318716438200875,0.2740018507962039,0.21933027849210043,0.045258871059207124,0.008371901649454434,0.0010407995954419109,0,-0.2740018507962039,
DAL,82,52,3.3292682926829267,0.6341463414634146,3.147795573276894,3.35,20,2022,W,4.0,78,0.9512195121951219,4.398033495014779,-5.070631390131324,744,636,1.4926695174070632,3309,3244,-8.229841860537316,213,215,3.8892484242959577,335,310,3.4802109216879322,1223,1404,744,636,0.037541217779078484,-3.892896120914986,2.129055468592318,-7.868809101922832,4.558610130783022,0.7714871960321035,0.5926862715527556,0.12129781428543872,0.042201728993484934,0.015301381200424229,2,1.2285128039678965,
DEN,82,48,2.3048780487804876,0.5853658536585366,2.1561022286976734,1.25,20,2022,W,6.0,56,0.6829268292682927,4.313384324188907,0.7825200336130971,506,430,0.6230933783936212,2494,2457,1.289792827726397,214,222,-7.470082101648199,368,340,-2.252656752848211,1043,1175,506,430,-6.8695021009526585,3.1199719877267604,0.974911374024038,1.676279599111611,-5.849380786543287,0.2811569079343052,0.22274604658442934,0.049822845142105714,0.007167100953115132,0.001420915254655042,0,-0.2811569079343052,
GSW,82,53,5.536585365853658,0.6463414634146342,5.520201383098457,1.5,20,2022,W,3.0,79,0.9634146341463414,6.661093537484124,-1.0215258390121154,795,681,-0.280297472568793,3413,3385,-1.7546691774684113,271,273,0.4229060414267831,431,394,-4.3790683236663615,1429,1617,795,681,-7.9767247797459095,0.9155576114848945,0.050610692190343975,-0.9634087321492029,1.2520499672271859,1.2793782096818664,0.7772539534155707,0.3374862173406448,0.11082871603389027,0.05380932289176072,4,2.7206217903181336,
MEM,82,56,5.682926829268292,0.6829268292682927,5.368783741963135,8.7,20,2022,W,2.0,78,0.9512195121951219,5.9600989872181644,-13.076193386648562,915,832,3.0078708481952106,2816,2692,1.7659787796863053,252,235,-2.391538786138133,336,298,12.984890531988512,2054,2303,915,832,8.805203355049732,-10.849482006207639,3.679073144250257,2.4702916333982685,-1.7039229665694942,1.8250209064956198,0.8718873844632619,0.5842863090957992,0.2346207694548591,0.1342264434816997,1,-0.8250209064956198,
MIA,82,53,4.475609756097561,0.6463414634146342,4.256230940484761,3.45,20,2022,E,1.0,80,0.975609756097561,5.784296574205724,-5.822634436670603,668,570,2.1164769691910097,3193,3100,-2.26270697828929,242,225,-3.304985487089245,373,347,-2.627378007516497,1607,1829,668,570,-5.926882292411435,-3.3761807343993104,2.039845688310307,-2.0110343110555418,-2.694018928619521,2.2736772531634464,0.9190854465221424,0.707420435290273,0.4511089068049433,0.19606246454608764,2,-0.2736772531634464,
MIL,82,51,3.3536585365853657,0.6219512195121951,3.2158154464510025,2.65,20,2022,E,3.0,82,1.0,3.592389180958425,-8.71425575472185,971,855,1.2077157388132527,3323,3265,5.851215255203449,233,241,6.2710164473424115,487,451,4.553665946376961,1751,1946,971,855,-0.08406957048698338,-6.395077282466527,1.6899205777487896,6.595587546388922,7.588141581126553,1.2739682643561951,0.7806697215078996,0.32186102709514947,0.1324019443220382,0.03903557143110783,1,-0.27396826435619515,
MIN,82,46,2.6341463414634148,0.5609756097560976,2.5316807762629883,7.55,20,2022,W,7.0,74,0.9024390243902439,2.9471030251160775,0.07547189715578817,850,717,1.0966320844329545,3238,3161,-0.212624236608971,241,233,-10.944927349344505,428,416,3.2734123079526865,1450,1609,850,717,-0.5305860651341963,2.0875398251751043,1.2213918940512465,0.5088558302479549,-10.355033845324119,0.1601962865036451,0.12811261553673808,0.028404628421450303,0.0031848162003418915,0.0004942263451148205,0,-0.1601962865036451,
NOP,82,36,-0.9878048780487805,0.43902439024390244,-0.8348130953362916,1.75,20,2022,W,8.0,79,0.9634146341463414,-0.8096813834731709,-0.10592072318275014,1601,1419,-2.6874962927579444,3050,3126,0.7522985458662161,195,188,-10.998336598936772,406,430,5.101161677685258,1083,1212,1601,1419,2.5974479432811455,1.5405615655165064,-3.267634174462105,0.4863388708352829,-11.000682012608243,0.04140747904161428,0.03591901785157189,0.005016145963959728,0.00043743127079908564,3.488395528358287e-05,0,-0.04140747904161428,
PHI,82,51,2.6097560975609757,0.6219512195121951,2.564687202138075,2.8,20,2022,E,4.0,78,0.9512195121951219,3.1560531992332703,-4.456662939451752,786,669,1.4642348471524818,3495,3406,-1.5720779590063678,311,316,4.6707487458087575,513,445,-4.130062550344242,1109,1323,786,669,-6.416233983914682,-2.8728244242714602,1.5527756856752082,-0.7616744038769521,5.819231421223503,0.8970989695156318,0.6262490289478246,0.1877112630710813,0.06699782099552253,0.01614085650120336,1,0.10290103048436816,
PHX,82,64,7.524390243902439,0.7804878048780488,6.965065554416256,5.6,20,2022,W,1.0,74,0.9024390243902439,8.647853885025683,-3.9998639301511822,668,577,-1.3277056330264578,3207,3177,12.944843521865037,238,233,14.011335831541286,333,280,-1.2989456548901375,1544,1729,668,577,-3.5069179065267067,-2.7931138201201042,-0.7120628268714322,13.66610149700497,15.589367892646894,2.7583213410869494,0.9640809821484281,0.8031194878938351,0.5803538292735246,0.41076704177116163,1,-1.7583213410869494,
TOR,82,48,2.292682926829268,0.5853658536585366,2.3730214764610733,5.55,20,2022,E,5.0,77,0.9390243902439024,1.9145702982528325,4.345289696506252,1084,908,-0.7664859682948038,3424,3455,6.966980159791981,313,308,0.12495262073894842,459,453,-2.8824010640405677,1020,1143,1084,908,-3.4010663186806043,4.019981947046805,-0.3723020336030338,7.3044241339006195,0.2507826029311149,0.49129328973327624,0.37375097105217536,0.08820551073572788,0.024834544020624898,0.004502263924748089,0,-0.49129328973327624,
UTA,82,49,6.036585365853658,0.5975609756097561,5.672066829131271,5.85,20,2022,W,5.0,79,0.9634146341463414,7.247132443084193,0.7078782561620933,602,493,-1.1532173529396594,3374,3291,-10.468053403369119,264,263,-10.440214068858065,417,382,-1.6076051996925944,1494,1717,602,493,-6.630815908916302,3.5997321061655523,-0.8358992801787162,-9.866560520781844,-9.659724994033716,0.5050584370738459,0.4073137284472444,0.07056655185676627,0.021205607819984762,0.005972548949850514,0,-0.5050584370738459,
ATL,82,41,0.2926829268292683,0.5,0.3170922701111436,1.45,20,2023,E,7.0,81,0.9878048780487805,0.6303538022691402,1.5371534734722891,1140,979,2.5334007153525873,3651,3570,-10.079049388004284,354,356,-3.0848263339512485,536,514,-6.055374765128313,1035,1279,1140,979,-7.964857650823012,2.68239518810293,2.378377656898876,-9.864101596153917,-2.4851702591561864,0.11330824082529206,0.09378142761279468,0.017119385689792422,0.0021277008235604726,0.0002797266991445007,0,-0.11330824082529206,0.14318522657095759
BKN,82,45,0.8536585365853658,0.5487804878048781,1.0300672284968426,2.7,20,2023,E,6.0,79,0.9634146341463414,1.5846863179540267,-0.8842711993071886,1147,963,-0.3876785493474022,3403,3431,2.093363544211542,262,258,-5.580672926946155,542,529,3.530378846778205,1135,1298,1147,963,0.36867453671050576,0.5550426061449665,-0.47628042991240016,1.569661243944331,-5.189393670170425,0.2362642034853573,0.19433793380003334,0.03494186110111342,0.0059010468395166655,0.0010833617446938668,0,-0.2362642034853573,0.38123220350268927
BOS,82,57,6.524390243902439,0.6951219512195121,6.379086304940628,9.05,20,2023,E,2.0,81,0.9878048780487805,8.082642918755717,-2.3981876162564513,611,513,3.408452617712312,3550,3385,-6.547869922274435,324,297,-6.727837716193564,361,334,-1.2808854193950614,1711,1959,611,513,-2.503375030395425,-1.85130114768456,3.686658230861233,-5.396069252090027,-6.0843189741670285,2.089582977342134,0.9062185723872054,0.6407121531144522,0.33299935028658634,0.2096529015538899,2,-0.08958297734213394,2.2691804924228345
CLE,82,51,5.378048780487805,0.6219512195121951,5.231435592060572,5.2,20,2023,E,4.0,79,0.9634146341463414,7.341052773195164,3.7127003894911343,829,680,-2.7440878839991356,3408,3375,-1.82046880126813,298,299,6.292304832286918,481,465,-0.24586934110282677,1344,1515,829,680,-3.092992076631303,4.975925003091243,-2.3568423382932986,-1.324159302986744,7.037392408621509,0.9829301009522793,0.675867824522251,0.20797912996974005,0.07031519130597784,0.028767955154310278,0,-0.9829301009522793,0.6132006424884981
DEN,82,53,3.3292682926829267,0.6463414634146342,3.042400411968031,0.9,20,2023,W,1.0,80,0.975609756097561,4.409989821258729,-3.7618579566250565,843,709,-0.4219481574960513,3389,3357,3.4507479640268963,265,249,1.3200202986838665,453,444,5.761653913172017,1450,1652,843,709,4.707827803376083,-3.011979620390524,-0.4871408975495286,3.6314363382154315,1.2765173600088966,2.380068940891264,0.9235681719491226,0.7354470015126776,0.4915459392143323,0.2295078282151315,4,1.619931059108736,1.8666553172547635
GSW,82,44,1.8048780487804879,0.5365853658536586,1.6561052664115807,5.9,20,2023,W,6.0,80,0.975609756097561,2.1275021874879507,0.5322532473955719,1011,835,-2.7964955617887206,3503,3547,1.849072703206728,329,330,1.8522605183013336,602,591,2.5102409460830626,1337,1511,1011,835,0.41908886344808494,1.55434298750165,-2.6967333563015607,1.9487368892177979,2.0474503079806743,0.31263224154641023,0.2422371699932893,0.05719854013618037,0.011423279729934163,0.00177325168700638,1,0.6873677584535898,0.3054163065352249
LAC,82,44,0.5,0.5365853658536586,0.30682776847986476,1.15,20,2023,W,5.0,80,0.975609756097561,0.2937635490240686,-7.516821190787814,1079,972,-0.26822612450327177,3744,3735,1.0560434276921487,274,252,3.119325337053051,482,435,2.239840130349357,884,1053,1079,972,-0.9698689047621585,-5.857505445568804,-0.32371803494461515,1.0663068344443922,3.4379536315002284,0.4406524777349926,0.3466844280734953,0.07198699649981427,0.01867363940268677,0.0033074137589962564,0,-0.4406524777349926,0.30075574342177236
LAL,82,43,0.573170731707317,0.524390243902439,0.426968655129768,5.55,20,2023,W,7.0,80,0.975609756097561,0.3143759680231568,5.328962775433091,1165,1008,0.12141113174531937,3876,3835,1.153863184562641,332,315,5.522611298962643,562,528,-15.153929253018497,787,977,1165,1008,-17.132324303222163,5.770272367408898,0.6209440662734658,1.672201239866213,6.097841751439876,0.16204711864953536,0.12855597777929959,0.02868096441118749,0.0043195643071427675,0.0004906121519055352,2,1.8379528813504646,0.05152790943167714
MEM,82,51,3.9390243902439024,0.6219512195121951,3.600250281590149,3.85,20,2023,W,2.0,80,0.975609756097561,5.171172455187589,-9.320310303845023,852,754,5.373862171626115,3565,3303,-7.64103100485838,228,203,-11.312424720152793,327,315,9.512611521723304,1659,1880,852,754,8.300603206412932,-8.732927048189602,5.572529297532013,-7.720212231040754,-10.782303830478766,1.8850602098879643,0.8714440222207005,0.6059673350605054,0.2912661720942022,0.116382680512556,0,-1.8850602098879643,2.6960763092227156
MIA,82,44,-0.3170731707317073,0.5365853658536586,-0.13342397934372133,0.2,20,2023,E,8.0,82,1.0,-0.42945801476169976,2.559255375556899,782,647,0.2751046543765562,4411,4426,12.889223151965735,409,403,11.992433691718704,783,724,-5.997472403301414,628,738,782,647,-7.288690429581239,3.649000526192169,-0.022455595724750144,12.500248178637325,11.844908755114632,0.08310926112125856,0.07021585624243826,0.011605636199510189,0.0011629635595914374,0.00012480511971869096,3,2.9168907388787413,0.02138230536571007
MIL,82,58,3.6341463414634148,0.7073170731707317,3.6102202556479543,2.15,20,2023,E,1.0,80,0.975609756097561,4.6126421605509025,-12.478524798778587,892,784,6.6658872434439,3360,3185,1.0353455556489939,249,225,2.1818274157256043,250,217,6.285549421846485,1550,1814,892,784,3.9272667622798547,-11.577774347244718,7.130109438510543,1.5692557297705463,3.036029001324329,2.3662770876551917,0.9297841437575617,0.7083216060562239,0.4425159236487296,0.2856554141926766,0,-2.3662770876551917,2.756335807665814
MIN,82,42,-0.04878048780487805,0.5121951219512195,-0.23020832182838227,0.4,20,2023,W,8.0,77,0.9390243902439024,0.5239487906258482,0.6705902959638014,977,849,4.551083108118829,3509,3381,-2.1679249685323936,307,296,1.555082006286264,484,454,-4.760836087594411,1030,1246,977,849,-4.977995036826082,0.8086372635974503,4.794477630206994,-1.790225600015237,1.1526095891357278,0.09450104354464138,0.07643182805087756,0.015872415541606722,0.002024229597834092,0.0001725703543230105,0,-0.09450104354464138,0.11179222344147227
NYK,82,47,2.926829268292683,0.573170731707317,2.9868400519362917,3.9,20,2023,E,5.0,81,0.9878048780487805,3.813776533594532,5.481199148412592,800,660,-2.441596280139605,3745,3747,-10.783248767030166,367,396,-4.494725267261927,593,552,-7.172323989646059,1259,1457,800,660,-8.24586310798731,5.691641153112986,-2.1606333778378044,-10.430349662862271,-3.786684952095119,0.4182311513626783,0.3241321754777489,0.07209362777452584,0.017435724396657373,0.004569623713746175,1,0.5817688486373217,0.578031674796684
PHI,82,54,4.317073170731708,0.6585365853658537,4.373100167267953,5.8,20,2023,E,3.0,81,0.9878048780487805,5.5037504148111305,7.118576812037905,810,640,-1.4367213295843695,3441,3450,6.772160738135175,328,327,2.523063829616386,545,503,-8.533916307581189,1442,1654,810,640,-11.249076940634659,8.415085099195226,-1.22766401111166,7.06701775147528,2.873786320676489,1.3066490760186218,0.8056620661999667,0.30722660009464203,0.12754209913938033,0.06621831058463273,1,-0.3066490760186218,0.832524368829177
PHX,82,45,2.073170731707317,0.5487804878048781,2.0802965118698395,4.1,20,2023,W,4.0,80,0.975609756097561,2.2346955518705487,-8.921372176962187,1109,980,4.073688575132806,3271,3144,-6.094269790851412,271,266,-5.73364485203965,436,404,7.292585701495344,1296,1509,1109,980,5.262576636499423,-7.869682995287313,4.248370638376797,-6.391309161353642,-5.387080502575202,0.9040234587181244,0.6533155719265048,0.17669358644590155,0.05959325709772664,0.014421043247991405,1,0.0959765412818756,1.2081903558337097
SAC,82,48,2.6951219512195124,0.5853658536585366,2.3480557663629233,2.85,20,2023,W,3.0,78,0.9512195121951219,2.474275478286403,4.387511852264577,922,767,-0.8359343733633149,3845,3798,3.324435096896559,345,341,4.90546725892222,604,550,-7.969658159549125,799,982,922,767,-9.73623898082111,6.13254305296362,-1.2614358415584404,3.2082297118849272,4.84024883606907,1.2246624102642556,0.7577628300067106,0.3081531603921267,0.12115391855614105,0.0375925013092773,0,-1.2246624102642556,0.8645131132162972
BOS,82,64,11.378048780487806,0.7804878048780488,10.779274981760441,12.6,20,2024,E,1.0,81,0.9878048780487805,12.872068187418893,-12.220568545150815,409,359,6.378558871255777,3254,2985,-3.611883318679709,236,208,0.6324280568151668,256,225,6.5163594090697154,2267,2562,409,359,2.8387374059217345,-9.859058924125643,6.801257197320606,-2.8888330121373897,2.496604628757156,2.8028012217121216,0.9229016471269063,0.7917159296658458,0.6370431421664122,0.4511405027529574,4,1.1971987782878784,2.8294845552159456
CLE,82,48,2.4146341463414633,0.5853658536585366,1.9764560448613695,-4.1,20,2024,E,4.0,80,0.975609756097561,2.7245881913818506,3.183296227725038,848,711,0.4554665140174934,3363,3299,-4.878296850634757,277,281,-3.828347092936749,449,417,-5.06619854958339,1366,1559,848,711,-8.813959441036362,5.552304576856072,0.4055720634289024,-4.355251986043386,-2.646454599486394,0.7752689295947168,0.596029484819901,0.11717590819768085,0.048345465877328325,0.0137180706998066,1,0.22473107040528317,0.7655191120599553
DAL,82,50,2.207317073170732,0.6097560975609756,2.2983999172062743,7.75,20,2024,W,5.0,81,0.9878048780487805,2.602464458542111,-6.585069866735998,1217,1051,-1.6896852391919275,3114,3170,8.448476239698092,218,191,10.441321606808682,358,325,5.701037413085789,1521,1736,1217,1051,1.731641075212232,-4.464346081970641,-1.5419210360559943,8.782134958935224,11.732874363724534,0.541419033924843,0.3948997381761538,0.10607276585854028,0.032487926603522434,0.007958603286626547,3,2.458580966075157,0.7527552719496173
DEN,82,57,5.2560975609756095,0.6951219512195121,5.227230530624268,9.05,20,2024,W,2.0,80,0.975609756097561,5.6560506717356756,-5.526167076356336,833,753,5.610635625692275,3439,3230,10.112871212918353,269,251,5.41468724759263,338,306,-0.6503883279184914,1461,1705,833,753,-4.657193867526344,-3.7247205367601213,6.234078516637348,10.709303053586536,6.778362875972128,1.7152237906033396,0.8282502738505152,0.5156791822071619,0.25998659462379314,0.11130773992186928,1,-0.7152237906033396,1.4584689016611683
IND,82,47,3.0121951219512195,0.573170731707317,2.716827676778306,8.6,20,2024,E,6.0,80,0.975609756097561,3.0477035573128566,-1.4353310520439502,1023,874,-2.484930887746699,3541,3575,-5.668803480464514,245,251,-2.266774401920091,525,480,1.045507243689082,1225,1408,1023,874,-2.4822036538173924,0.7097197635791499,-2.9490240759170994,-5.29154412172225,-1.9259409604500417,0.46806920857858475,0.3307500590725058,0.11239088391971298,0.020344621478040614,0.00458364410832537,2,1.5319307914214153,0.6236380124784648
LAC,82,51,3.2804878048780486,0.6219512195121951,3.411043215273944,-1.25,20,2024,W,4.0,82,1.0,3.626954715320953,5.05152194907361,916,760,0.7037835731606634,3343,3313,7.3260595404455895,236,233,0.07090124344695337,536,502,-6.4403756768203655,1590,1787,916,760,-10.542125606777141,7.423223192359661,1.0456366809907216,7.425172283557217,0.7319858980433649,0.8867646883039072,0.6051002618238461,0.1915125245788731,0.06919529395009578,0.020956607951092058,0,-0.8867646883039072,0.6718567871420884
LAL,82,47,0.5975609756097561,0.573170731707317,1.0732804848267339,2.8,20,2024,W,7.0,79,0.9634146341463414,0.9372509408007577,6.6191558460902415,1331,1138,-1.3185541352984012,3335,3374,5.8402146201068605,267,267,4.19092145315858,451,445,-3.6831545400373678,1246,1399,1331,1138,-8.494625269755073,8.123348128797101,-0.759435486514686,5.9735818800127305,5.466701848478566,0.2218841944666559,0.17174972614948486,0.040618512178913706,0.008220927203555318,0.0012950289347019757,0,-0.2218841944666559,0.21964046975907944
MIA,82,46,1.7560975609756098,0.5609756097560976,1.0959510279656008,4.95,20,2024,E,8.0,78,0.9512195121951219,2.1470760896292997,1.9440541442169152,871,740,3.3822361703110513,3402,3295,-11.06077095878012,255,264,-8.1132097675005,407,397,-4.87545619523757,1093,1271,871,740,-8.379231054777451,3.876637433881222,3.387122814995635,-10.969570336033566,-6.276167879782022,0.10669637775303771,0.07709835287309379,0.023211034321038795,0.005516904943714546,0.0008700856151905856,0,-0.10669637775303771,0.11644651466537893
MIL,82,49,2.6219512195121952,0.5975609756097561,2.443653621730992,-3.1,20,2024,E,3.0,80,0.975609756097561,2.794249801064466,-3.8273187276949914,1171,1039,2.128335407113275,3407,3332,3.4666398239625162,296,283,1.6614973964183792,439,406,1.9660993931204134,1424,1611,1171,1039,0.21090133139043932,-2.4993229187137627,1.605766172365123,2.9406768908912353,1.1714851407470857,1.0890101388834499,0.6692499409274941,0.3069043065639213,0.08494311681410655,0.02791277457792791,0,-1.0890101388834499,1.0085632346636704
MIN,82,56,6.451219512195122,0.6829268292682927,6.384585705178662,5.1,20,2024,W,3.0,80,0.975609756097561,7.306454995684075,-1.158529369683369,643,537,-1.5656679904934059,3708,3683,-13.982315243372147,260,254,2.4533971017146277,368,317,-3.086038111697696,1441,1639,643,537,-6.4761554961468315,0.8930000440914219,-1.2138429525292862,-12.585068109539826,3.4168018814348002,1.3621044831942963,0.7477029827751656,0.368658555906596,0.17532643880728357,0.07041650570525122,2,0.6378955168057037,1.848118021207132
NOP,82,49,4.414634146341464,0.5975609756097561,4.460441074745944,5.05,20,2024,W,8.0,80,0.975609756097561,5.6930505689194355,-9.692323070833034,919,823,4.663687162802683,2882,2714,-12.344880827386717,182,169,-12.13635611826604,243,220,7.632360496636957,1950,2206,919,823,3.947374139265494,-6.9700427631211435,4.366700486823022,-12.516489735024953,-11.788347541509232,0.20888695472340274,0.14762627839024395,0.04841805147660545,0.010826524504230089,0.002016100352323287,0,-0.20888695472340274,0.3063335888815849
NYK,82,50,4.585365853658536,0.6097560975609756,4.357129392541384,8.25,20,2024,E,2.0,81,0.9878048780487805,4.956397993968024,1.950424036940932,1012,852,-0.8518796696996547,3198,3183,4.925406710078635,220,211,-0.6333060776117971,434,441,-1.4831114383473452,1303,1498,1012,852,-6.245221917523472,4.151510006288744,-0.5112845839970541,4.766212501004107,0.7848736657476039,1.5028998874699044,0.7664724604530397,0.5025768275626493,0.16675171817212078,0.06709888128209462,1,-0.5028998874699044,1.3097663804339492
OKC,82,57,7.414634146341464,0.6951219512195121,7.3612904547636795,6.85,20,2024,W,1.0,81,0.9878048780487805,8.11166101886039,-2.1152802487670392,791,653,0.27760770953772074,3342,3230,0.43909358510768826,256,251,-1.4340585856115862,435,399,3.8633916802885846,1693,1933,791,653,0.9073479387210668,-1.1519515403724192,1.1945078155668032,1.1015735347390265,0.04339854822709732,2.138665538553348,0.8523737216097561,0.6539966580859811,0.4243300868318302,0.20796507202578063,1,-1.1386655385533482,1.9289977218176824
ORL,82,47,2.024390243902439,0.573170731707317,1.476626735395064,2.8,20,2024,E,5.0,82,1.0,2.4463767630048423,0.5054951588900223,1130,959,2.0277647433785924,3432,3384,-1.7186049072873213,251,234,5.087979486113255,405,383,0.3989439921783866,1297,1437,1130,959,-3.551506991720188,2.9835925221652073,1.727166652161713,-1.4903700388913923,6.469459061666248,0.5024018146489643,0.403970515180099,0.06789712781543468,0.024587084054457434,0.005947087598973121,0,-0.5024018146489643,0.5196975301285497
PHI,82,47,3.048780487804878,0.573170731707317,2.5078745966048537,2.95,20,2024,E,7.0,82,1.0,3.405298144670267,-2.521692984557467,1069,948,2.055421933437387,3590,3475,-1.7999023127029372,260,269,-1.6040665241306309,485,446,1.8222263609152733,1275,1455,1069,948,-3.4293984997429656,-0.27468232974175955,2.704651494834035,-1.0967810926241401,0.23747904187117408,0.3265883560011672,0.23352753954696032,0.07812798195371642,0.012467946493819645,0.0024648880066707904,0,-0.3265883560011672,0.39950706645310236
PHX,82,49,3.0609756097560976,0.5975609756097561,3.077378811683058,3.9,20,2024,W,6.0,81,0.9878048780487805,3.733684228685639,7.6045206246362795,940,781,0.44061729619266643,3129,3061,-3.6673996912444413,251,251,-10.593977670756466,482,472,-14.563008968686875,1753,1994,940,781,-17.13381126131057,9.221144643714684,0.683912787687881,-3.8596733459006525,-10.308647067327241,0.3513153815882615,0.25229701722483455,0.07504374970732859,0.019626207475689536,0.0043484071804087854,0,-0.3513153815882615,0.2412068314826318
BOS,82,61,9.109756097560975,0.7439024390243902,8.28284223766756,10.75,20,2025,E,2.0,82,1.0,10.078322320237634,-3.055646555703939,478,397,0.33944890733598143,3327,3206,-5.358608170107383,281,249,-5.913096834284309,300,256,0.13636924044336673,2086,2309,478,397,-0.9666196041395434,-2.4982181764746034,0.30708136570379096,-4.699128617215177,-3.8348942012334293,2.089228618508789,0.9057243709149978,0.6877028463262678,0.3416744927142,0.15412690855332348,1,-1.089228618508789,2.2244314706689434
CLE,82,64,9.536585365853659,0.7804878048780488,8.805884400692857,3.35,20,2025,E,1.0,81,0.9878048780487805,10.221528151456319,3.677372362842023,559,451,3.1439562110603454,3318,3122,1.7215616265939868,269,255,5.827407527727086,353,308,-6.4235694247834045,2172,2398,559,451,-10.608854496075729,7.017521596701771,3.161441497247642,2.4993222386993263,7.222605892106943,2.5287516227659164,0.9460346418162836,0.7948865552920256,0.5187162267265318,0.2691141989310753,1,-1.5287516227659164,2.2339833059059386
DEN,82,50,3.8902439024390243,0.6097560975609756,3.9665071627825896,0.1,20,2025,W,4.0,82,1.0,4.825099750440711,2.41633266690508,952,795,-3.2711911957377073,3320,3401,7.084320795026057,293,289,2.0561388326123486,575,533,-4.623137040670369,1478,1711,952,795,-8.427563350200069,4.9376493866780855,-3.28087862875423,6.473286454582032,2.150075397960599,0.6726823354973652,0.5259815206010392,0.09191793105979103,0.04362066765358438,0.011162216182950598,1,0.3273176645026348,0.6326165970769602
DET,82,44,1.9024390243902438,0.5365853658536586,1.7335820789176093,2.35,20,2025,E,6.0,81,0.9878048780487805,1.7901089360969342,3.366868079658902,1104,954,-3.6650866996777793,3332,3387,-10.8038439223122,299,311,-2.5416112321858657,585,561,-8.114685910520745,1375,1588,1104,954,-13.303284000972074,5.971877850404011,-3.581424318998173,-10.987327532061297,-1.3053006445890052,0.35030398761820003,0.28781534352101096,0.05258243183003898,0.008636096100449209,0.0012701161667009134,0,-0.35030398761820003,0.5244240293710339
GSW,82,48,3.3048780487804876,0.5853658536585366,3.5570855699737565,7.05,20,2025,W,7.0,79,0.9634146341463414,3.375697720135837,-1.3123972470198588,1067,914,-2.0911069873602885,3235,3247,-0.28292639702158384,292,273,-2.3815161728961245,454,430,0.1898110867953069,1308,1499,1067,914,-3.3914446265605993,0.6643930172262413,-1.9252357731733682,0.19330284709722179,-1.972426335668974,0.38610349245794306,0.2654042582813774,0.10351055613305539,0.014712849332962326,0.002475828710547922,1,0.6138965075420569,0.5416695764421124
HOU,82,52,4.512195121951219,0.6341463414634146,4.964833044623915,8.25,20,2025,W,2.0,81,0.9878048780487805,4.976409523902923,4.100271949566138,793,675,1.118458735556497,3635,3535,-4.445499440490571,305,291,-1.6672521193279346,482,447,-4.451589446792445,1554,1732,793,675,-8.411390194333556,5.56278669006635,1.7386130276045142,-4.011761601013827,-0.8781324044858385,1.3835067688172398,0.7345957417186226,0.47053837335518356,0.13287777220691374,0.045494881536519906,0,-1.3835067688172398,1.1109169498019362
IND,82,50,2.231707317073171,0.6097560975609756,1.6798741357970477,5.15,20,2025,E,4.0,81,0.9878048780487805,2.632399855978921,3.0171142040025094,1216,1032,1.090420719190134,3706,3686,8.549657089572701,333,336,5.3698840670986145,545,517,-10.464758733653905,976,1184,1216,1032,-13.003549822666974,4.553252795626657,0.7429350175049101,8.60339177259155,5.215557111773661,0.7135494784353122,0.5565695776787214,0.1144786350418947,0.03475170839527824,0.007749557319417918,3,2.2864505215646878,0.6897927487381376
LAC,82,50,4.658536585365853,0.6097560975609756,4.840681439950215,12.75,20,2025,W,5.0,80,0.975609756097561,5.123477666637191,-2.949412696947824,954,821,-0.7530814608914778,3466,3449,-5.814888673063875,258,274,-4.19975624864417,399,385,3.4222863771846277,1395,1562,954,821,-1.513560278547946,-0.9881309726864309,0.06962577446985296,-5.500888927528131,-3.193232514059741,0.594875407550423,0.47401847939896075,0.07745078765276564,0.03501512878191224,0.008391011716784356,0,-0.594875407550423,0.7079472236113545
LAL,82,50,1.2195121951219512,0.6097560975609756,1.449391007528276,-0.55,20,2025,W,3.0,82,1.0,1.6287162343829418,-4.0961708997514625,1004,865,4.572427565198957,3307,3208,2.0343430375286933,235,218,-0.044315699550483645,309,293,-4.727031679368407,1492,1755,1004,865,-6.696833269377169,-2.923634190429916,4.622961579057427,2.077543733312706,1.25962111780266,0.8850436152103965,0.5638864794627293,0.2542031242548087,0.053469514943507206,0.013484496549351362,0,-0.8850436152103965,0.7171320884529527
MEM,82,48,4.853658536585366,0.5853658536585366,4.792562090123995,1.55,20,2025,W,8.0,81,0.9878048780487805,4.804790966763972,5.080607607971868,1006,829,-1.684080435513068,3391,3335,0.2391226641882982,259,258,-3.8303515186708923,491,454,-4.4155744669448005,1618,1821,1006,829,-11.124539819100804,8.625610222006529,-1.2804378925347493,0.23074508633435986,-2.3377900872612174,0.11495134219185477,0.07701328102803788,0.027456425854011427,0.009030693312259417,0.0014509419975460484,0,-0.11495134219185477,0.10149952221328828
MIA,82,37,0.5609756097560976,0.45121951219512196,0.10926464612218852,3.5,20,2025,E,8.0,81,0.9878048780487805,0.3283224908574134,2.8938684367561978,975,825,0.9455949378971007,3564,3483,-8.919217292974114,357,364,-2.185492926835108,552,506,-6.689830265119438,1019,1242,975,825,-11.815355205390215,5.390181412748412,1.1423546074211648,-8.589335341555413,-0.7508265998276555,0.06794826463026551,0.05396535818371633,0.012418877787296518,0.001444924775414134,0.00011910388383851891,0,-0.06794826463026551,0.11057445782257563
MIL,82,48,2.475609756097561,0.5853658536585366,2.120584454964429,2.9,20,2025,E,5.0,82,1.0,2.3316470333730934,1.542597352028782,999,856,-0.04309889957361257,3793,3757,4.142872979373543,328,309,3.4468249847678005,474,420,-3.576163056431753,1363,1533,999,856,-8.359992885627165,4.698857638090612,-0.12770059337870698,4.839168918886626,4.88316249588607,0.5462003626820527,0.4434304223212786,0.07821593187878312,0.020603640145983128,0.0039503683360077825,0,-0.5462003626820527,0.634938926285024
MIN,82,49,5.0,0.5975609756097561,5.147454644342224,11.05,20,2025,W,6.0,82,1.0,5.680555518919586,5.4086951655969715,937,797,-2.1616662471865133,3608,3573,-14.0230129283559,330,351,4.783580824851481,594,543,-7.75685449904117,1242,1431,937,797,-12.715047967768465,8.340198101410362,-2.0518944812445254,-13.120481558715575,5.917230944212969,0.6446244169429259,0.4361135205372706,0.1717479462569524,0.03035076674091424,0.0064121834077886745,2,1.3553755830570742,0.9435785360143398
NYK,82,51,4.097560975609756,0.6219512195121951,3.5886592267031796,3.45,20,2025,E,3.0,81,0.9878048780487805,4.862251726425081,-3.323715637554522,844,726,-0.3693456709161502,3308,3272,-3.50821305304852,302,297,-11.025468614567657,476,446,4.419255755074797,1593,1795,844,726,-0.28514112013201665,0.0367291497436355,-0.5534339723029125,-3.497015890738873,-9.37341956382969,1.0381368128067447,0.712184656478989,0.2351668353097496,0.07128829101045525,0.019497030007551038,2,0.9618631871932553,0.9037579166725196
OKC,82,68,12.865853658536585,0.8292682926829268,12.701883251453944,13.3,20,2025,W,1.0,81,0.9878048780487805,13.847962289656081,-1.2190443651119462,446,360,2.0796554263565987,3099,2916,-10.279009019593195,126,116,-7.63482397399838,227,210,-2.8601111116354225,2595,2797,446,360,-5.568140204929346,-0.2556984775365052,3.3183088503986458,-8.726022614305611,-6.133758510515168,2.8620839263247486,0.9229867189719622,0.8031748554334319,0.6809226070279464,0.454999744891408,4,1.1379160736752514,2.7993269628170703
ORL,82,41,-0.12195121951219512,0.5,-0.6974484128446373,4.7,20,2025,E,7.0,80,0.975609756097561,0.03641863928570288,-2.967802482163224,1354,1212,1.6898037628712763,3347,3335,5.453977061268596,209,217,8.905828693006018,450,436,7.168301381055663,1065,1186,1354,1212,1.710152991708775,-0.12238503028311065,1.3663486006213637,5.940661870439685,9.919041704067192,0.12200954755982245,0.09427562908500227,0.024547886533943696,0.0028846201316883057,0.00030141180918817655,0,-0.12200954755982245,0.12340968810581342
ATL,82,46,2.4146341463414633,0.5609756097560976,2.382670337118305,9.85,20,2026,E,6.0,82,1.0,2.4152518865632744,-2.356730059300661,1249,1110,-1.8663491774819554,3366,3391,-2.435913185783191,270,281,3.4026436111313,490,470,3.028427594189295,1608,1792,1249,1110,-1.869926047943927,0.08725568861052313,-1.4209006569055362,-1.9910531552760191,4.80458772011705,0.36824648704802754,0.274849992769595,0.07330643270547901,0.017202810235717108,0.0028872513372364614,0,-0.36824648704802754,0.5797567021967961
BOS,82,56,7.695121951219512,0.6829268292682927,7.366965135580997,8.85,20,2026,E,2.0,82,1.0,8.658949166888604,-2.152305987761343,648,549,0.7990505785171855,3349,3245,-10.29875889703186,229,217,-3.821734936415667,364,329,-1.1397143441578947,1880,2110,648,549,-5.268106340032772,0.10998920504266252,1.4018001484155924,-9.806943780957063,-2.783465941677033,1.7788711403278583,0.8441752912319006,0.5427247490914467,0.27696288171934896,0.11500821828516188,0,-1.7788711403278583,1.9889225133373079
CLE,82,52,4.121951219512195,0.6341463414634146,3.7865013880193548,3.7,20,2026,E,4.0,81,0.9878048780487805,4.618728782198072,12.42641837844787,859,702,-1.2275774723515873,3446,3456,5.6546377403277,282,269,-0.5588001120166721,571,568,-18.99702016665242,1487,1699,859,702,-23.369498438911943,15.076928667454458,-1.1602744136621572,5.830298194261063,0.5553096044278476,0.9136306134014869,0.6175820171303921,0.19526858648302936,0.07924084606269612,0.021539163725369393,2,1.0863693865985131,0.879390019626107
DEN,82,54,5.146341463414634,0.6585365853658537,4.973975780974426,7.6,20,2026,W,3.0,82,1.0,5.440089296498629,6.104749863222885,705,578,1.619769512304936,3907,3775,-7.729177928346645,414,401,5.432670395425303,472,410,-14.555794165586986,1386,1641,705,578,-18.90636580643173,8.633839563677725,1.8515702404543646,-6.654017366001274,6.376857797807237,1.0593075669970269,0.6793693178687406,0.2576296928600321,0.08642980312553111,0.035878753142723145,0,-1.0593075669970269,1.1664183755534556
DET,82,60,8.158536585365853,0.7317073170731707,7.52882889676397,11.15,20,2026,E,1.0,80,0.975609756097561,8.823381356332527,1.311207572515075,696,598,2.687012544864059,3426,3274,-0.4022204764919124,314,286,0.24234606494537836,342,334,-9.13789196817655,1853,2103,696,598,-12.734364521030356,2.8233631509623525,3.6300146425997895,0.7638326688986705,0.9334701868694086,2.235760222156371,0.8919717623592438,0.6851438034279772,0.44035241081725035,0.21829224555189974,1,-1.235760222156371,2.2364311512707538
HOU,82,52,5.219512195121951,0.6341463414634146,4.865621885414283,5.2,20,2026,W,5.0,82,1.0,5.538794511420113,0.9366244459943491,554,439,-2.028599508890018,3886,3888,-12.65673559613619,394,375,1.3641293842550173,498,432,-1.6569051138956548,1530,1733,554,439,-5.890355957253648,2.801305510702705,-1.4912284689039699,-11.885592123627678,2.4558500709955684,0.6785014941925297,0.5114062189863966,0.11576821067857186,0.03847439871512887,0.012852665812432265,0,-0.6785014941925297,1.0888183334450063
LAL,82,53,1.7560975609756098,0.6463414634146342,1.6841623290564407,5.7,20,2026,W,4.0,80,0.975609756097561,1.5560179812968191,-1.4127391797938516,1302,1127,2.328334380335235,3165,3128,11.065539093697225,186,170,9.72636565887396,342,313,0.7644056784463525,1414,1575,1302,1127,-6.464907695442317,2.3615473300493304,2.4087597217155916,11.829497625605569,11.127832846306344,0.643959269561204,0.4885937810136035,0.10840170318924158,0.03536812226096375,0.011595663097395093,1,0.356040730438796,0.48216507159983274
MIN,82,49,3.3536585365853657,0.5975609756097561,3.073511405225468,-0.5,20,2026,W,6.0,82,1.0,3.3101987487644946,-0.5051648564966698,945,798,-0.46645053415016413,3903,3846,-5.130937514338767,278,260,6.288215840508839,429,393,2.3365192733981828,1321,1476,945,798,-2.328899360177008,1.4453970824802163,0.0982105325672884,-4.471252909712743,7.984780742712077,0.4154508514737297,0.3206306821312595,0.07539112134789128,0.015462376336309008,0.003966671658269834,1,0.5845491485262704,0.5963126063547244
NYK,82,53,6.329268292682927,0.6463414634146342,6.045475689433332,6.6,20,2026,E,3.0,82,1.0,6.720962929129197,3.7080896152565295,1000,846,-3.034019959853989,3392,3393,4.6620972385776955,244,249,-4.437929438419425,401,392,-1.760233638609824,1582,1772,1000,846,-4.925195473627913,4.945775322057507,-2.8397732674538942,4.927368381568929,-3.7966312775098094,1.2628757748443995,0.725150007230405,0.34239125291199596,0.14621527893154307,0.04911923577045533,4,2.7371242251556005,0.9908955298696392
OKC,82,64,11.146341463414634,0.7804878048780488,11.035866030318617,10.7,20,2026,W,1.0,80,0.975609756097561,11.15588775598769,-7.512904246553454,578,506,3.231964714163345,3398,3209,4.798458398108915,296,281,-4.783220990905995,319,289,7.792031207182946,2204,2408,578,506,4.864795422701309,-6.223146552170477,3.7743607632360447,5.482239569537585,-3.543647344447111,2.514432112370978,0.9208089513171718,0.7534648346692076,0.5021795525168391,0.3379787738677592,2,-0.5144321123709781,2.2860495038197164
ORL,82,45,0.6341463414634146,0.5487804878048781,0.8073556414968178,-0.05,20,2026,E,8.0,81,0.9878048780487805,0.7337947453712556,1.816361447469733,1183,1042,2.479367265741625,3863,3759,2.1006888396713164,373,368,5.4579502289996835,534,503,-6.398024292605511,957,1169,1183,1042,-9.842394374776077,3.6632072126785253,2.133126516219188,1.0823541084197899,5.865960780670671,0.14693358112622976,0.10802823764075617,0.03189734986739598,0.006265765735856099,0.0007422278822214917,0,-0.14693358112622976,0.1680418315077791
PHI,82,45,-0.18292682926829268,0.5487804878048781,-0.2725529541835011,-0.35,20,2026,E,7.0,80,0.975609756097561,-0.27677677259412015,-2.6491655650284756,1186,1064,1.1649908808594756,3713,3720,12.023561072784492,332,332,9.387994429037244,570,526,-1.439294289256789,1086,1253,1186,1064,-9.069728271240065,1.3428262762092342,1.1561160527660594,12.315727972979314,11.003112574437559,0.20589410738942676,0.15582470876809934,0.04157756529107813,0.007540566158374506,0.0009512671718747644,1,0.7941058926105733,0.2047675495367993
PHX,82,45,1.4634146341463414,0.5487804878048781,1.7448060065395585,3.25,20,2026,W,8.0,80,0.975609756097561,1.4550921451651964,-0.3924829537549164,1052,919,2.383348034577817,3524,3446,-6.697158793784972,306,302,-3.3513566609904943,370,337,-1.4901815945283987,1330,1484,1052,919,-6.713418424259719,2.4640410907755577,2.4481387280362235,-6.7500309407287435,-2.7589143530309643,0.10596847558103015,0.07919104868282816,0.022365251462978995,0.003778517617438209,0.0006336578177847885,0,-0.10596847558103015,0.12803386973363026
POR,82,42,-0.2926829268292683,0.5121951219512195,-0.2846793988176715,8.45,20,2026,W,7.0,82,1.0,-0.46520562770178375,-2.7336531211871744,1251,1118,-0.3454863293975944,3688,3740,-2.158504997563429,314,329,4.706248784569771,547,521,-4.399894171085531,1159,1354,1251,1118,-11.393542988549891,0.6354474840948074,-0.2686796588498873,-2.0626322777588757,6.425564237531287,0.13039795632543685,0.10261090633477911,0.02438652337862313,0.0029532130067101924,0.0004473136053244094,0,-0.13039795632543685,0.3847945649409169
SAS,82,62,8.304878048780488,0.7560975609756098,8.276782517317795,12.75,20,2026,W,2.0,81,0.9878048780487805,9.065368089616895,4.783393432723297,511,409,6.085481984960243,3396,3141,0.6937579104545311,269,246,0.3347348534939787,357,336,-14.479454273597852,2164,2451,511,409,-18.39619252133551,7.266113685535178,6.3779020804565185,1.3234433739653166,0.7849800132895766,2.038454397624988,0.8973890936652209,0.6425926624134535,0.31535401642107963,0.18311862512523377,3,0.9615456023750122,1.368784036390458
TOR,82,46,2.8292682926829267,0.5609756097560976,2.7528737661764016,6.9,20,2026,E,5.0,82,1.0,2.9318793402700845,4.479665200376266,1026,836,1.103131762638005,3333,3289,0.9089300943915286,233,223,-10.395000512331164,447,447,-5.867147645480255,1293,1503,1026,836,-11.832864551183174,7.6476531590469055,1.393238841180544,1.7996185147098753,-8.841131452447003,0.501315949579277,0.38241798286960793,0.0876902602215974,0.026219440339213605,0.004988266148858144,0,-0.501315949579277,0.4504183408170774
