sample,model,series,seasons,log_loss,brier,accuracy,log_loss_change,change_ci_low,change_ci_high
Historical test through 2025,Baseline + all situations,89,6,0.6616268997432577,0.21735330440973274,0.6629213483146067,0.030114809528959154,-0.038495577455719784,0.12531558583482122
Historical test through 2025,Baseline + big_deficit_lift,89,6,0.6349589240848066,0.2213999935540819,0.6292134831460674,0.0034468338705080695,-0.014238208824049206,0.02148633176854602
Historical test through 2025,Baseline + close_lift,89,6,0.6363283300379783,0.21931216844825768,0.6404494382022472,0.004816239823679615,-0.005104513607112459,0.017713553730797544
Historical test through 2025,Baseline + clutch_lift,89,6,0.6492289836367015,0.21969543150468368,0.651685393258427,0.01771689342240295,-0.026039207119851696,0.0725606946225784
Historical test through 2025,Baseline + front_running_gap,89,6,0.6465045420128664,0.2254521159195604,0.6292134831460674,0.014992451798567837,-0.0004504954571160113,0.034037693658423795
Historical test through 2025,Baseline + late_trailing_lift,89,6,0.6450451455884901,0.22085460551376448,0.651685393258427,0.013533055374191572,-0.009353479312599621,0.052111511370527164
Historical test through 2025,Baseline + recent form,89,6,0.6321789975743013,0.22117887014232807,0.6292134831460674,0.000666907360002746,-0.003920673625439598,0.0036413417834267256
Historical test through 2025,Seed + home court,89,6,0.6454302681582554,0.22473313277032875,0.6404494382022472,0.01391817794395682,-0.005125799475485507,0.03253895586518932
Historical test through 2025,Strength baseline,89,6,0.6315120902142985,0.22060864152868756,0.6404494382022472,0.0,0.0,0.0
2026 final holdout,Baseline + all situations,15,1,0.6853831056442402,0.24359704707596222,0.6,0.06251259146575225,,
2026 final holdout,Baseline + big_deficit_lift,15,1,0.6439720462764359,0.22922081474636752,0.6,0.02110153209794774,,
2026 final holdout,Baseline + close_lift,15,1,0.6018569808862451,0.2109819922271797,0.6,-0.021013533292242922,,
2026 final holdout,Baseline + clutch_lift,15,1,0.6579989969199059,0.2330989619311489,0.6,0.03512848274141787,,
2026 final holdout,Baseline + front_running_gap,15,1,0.6238946428977278,0.2208477685614625,0.6,0.0010241287192398086,,
2026 final holdout,Baseline + late_trailing_lift,15,1,0.6212732210787336,0.220607973543901,0.6,-0.0015972930997545172,,
2026 final holdout,Baseline + recent form,15,1,0.6516540865687177,0.2314241500027654,0.6666666666666666,0.02878357239022964,,
2026 final holdout,Seed + home court,15,1,0.6149963555839348,0.21484664460214328,0.6666666666666666,-0.007874158594553184,,
2026 final holdout,Strength baseline,15,1,0.6228705141784882,0.22103142218939692,0.6,0.0,,
All chronological test years,Baseline + all situations,104,7,0.6650532755943609,0.2211384596019774,0.6538461538461539,0.03478756653907355,-0.026919604807743948,0.123936905140832
All chronological test years,Baseline + big_deficit_lift,104,7,0.6362588936316763,0.22252799661066158,0.625,0.00599318457638879,-0.010336292138625806,0.02187535681694792
All chronological test years,Baseline + close_lift,104,7,0.6313565008334012,0.21811070072406377,0.6346153846153846,0.0010907917781138642,-0.009857986466536751,0.014254437843177783
All chronological test years,Baseline + clutch_lift,104,7,0.650493889398702,0.2216286330085008,0.6442307692307693,0.02022818034341472,-0.019348995367207276,0.06830825809997712
All chronological test years,Baseline + front_running_gap,104,7,0.64324349887126,0.22478802735829628,0.625,0.01297778981597245,-2.638803461630025e-05,0.03036403353279027
All chronological test years,Baseline + late_trailing_lift,104,7,0.6416165026303522,0.22081903359503416,0.6442307692307693,0.011350793575064732,-0.008490337857038411,0.04505722354264065
All chronological test years,Baseline + recent form,104,7,0.6349879046408037,0.22265655473758345,0.6346153846153846,0.00472219558551624,-0.0023354598465748313,0.014019326837366794
All chronological test years,Seed + home court,104,7,0.6410407615369592,0.22330719697684043,0.6442307692307693,0.010775052481671722,-0.005968828862499721,0.028248873401120714
All chronological test years,Strength baseline,104,7,0.6302657090552874,0.22066961950859756,0.6346153846153846,0.0,0.0,0.0
