season,model,feature,coefficient,scale,train_series,training_last_season
2020,Seed + home court,home_advantage,0.4186153291759699,1.0,59,2019
2020,Seed + home court,seed_advantage,1.2341126519546273,3.5937799372371333,59,2019
2020,Strength baseline,home_advantage,0.24025607720223763,1.0,59,2019
2020,Strength baseline,seed_advantage,0.9967861284865461,3.5937799372371333,59,2019
2020,Strength baseline,win_pct_diff,0.40059432021849667,0.14386599968846997,59,2019
2020,Strength baseline,point_diff_diff,0.12425372357706303,4.832594916134449,59,2019
2020,Strength baseline,srs_diff,0.0917134403193502,4.6204909200563,59,2019
2020,Baseline + front_running_gap,home_advantage,0.282361989563042,1.0,59,2019
2020,Baseline + front_running_gap,seed_advantage,0.9299696920823316,3.5937799372371333,59,2019
2020,Baseline + front_running_gap,win_pct_diff,0.4429443247699388,0.14386599968846997,59,2019
2020,Baseline + front_running_gap,point_diff_diff,0.11510408425718918,4.832594916134449,59,2019
2020,Baseline + front_running_gap,srs_diff,0.06342105481268563,4.6204909200563,59,2019
2020,Baseline + front_running_gap,front_running_gap_diff,0.39898947077315106,10.701512004745238,59,2019
2020,Baseline + big_deficit_lift,home_advantage,0.23154653461668215,1.0,59,2019
2020,Baseline + big_deficit_lift,seed_advantage,0.9245259451995982,3.5937799372371333,59,2019
2020,Baseline + big_deficit_lift,win_pct_diff,0.3859254842994222,0.14386599968846997,59,2019
2020,Baseline + big_deficit_lift,point_diff_diff,0.1313414538292074,4.832594916134449,59,2019
2020,Baseline + big_deficit_lift,srs_diff,0.08427445069591741,4.6204909200563,59,2019
2020,Baseline + big_deficit_lift,big_deficit_lift_diff,-0.3253739940248005,9.086452487115793,59,2019
2020,Baseline + close_lift,home_advantage,0.2171837222587984,1.0,59,2019
2020,Baseline + close_lift,seed_advantage,0.9890844089307909,3.5937799372371333,59,2019
2020,Baseline + close_lift,win_pct_diff,0.3540201988518672,0.14386599968846997,59,2019
2020,Baseline + close_lift,point_diff_diff,0.1638492420932698,4.832594916134449,59,2019
2020,Baseline + close_lift,srs_diff,0.1316241484018813,4.6204909200563,59,2019
2020,Baseline + close_lift,close_lift_diff,0.22095818304009007,2.620149233577666,59,2019
2020,Baseline + clutch_lift,home_advantage,0.2417247588874747,1.0,59,2019
2020,Baseline + clutch_lift,seed_advantage,1.003642245274489,3.5937799372371333,59,2019
2020,Baseline + clutch_lift,win_pct_diff,0.36146333578015843,0.14386599968846997,59,2019
2020,Baseline + clutch_lift,point_diff_diff,0.1605529769026607,4.832594916134449,59,2019
2020,Baseline + clutch_lift,srs_diff,0.12731058793686223,4.6204909200563,59,2019
2020,Baseline + clutch_lift,clutch_lift_diff,0.12307714357710478,9.23995598665706,59,2019
2020,Baseline + late_trailing_lift,home_advantage,0.3180986924935209,1.0,59,2019
2020,Baseline + late_trailing_lift,seed_advantage,1.0012912605976902,3.5937799372371333,59,2019
2020,Baseline + late_trailing_lift,win_pct_diff,0.44259507001213816,0.14386599968846997,59,2019
2020,Baseline + late_trailing_lift,point_diff_diff,0.06471125147217158,4.832594916134449,59,2019
2020,Baseline + late_trailing_lift,srs_diff,0.026602618198752433,4.6204909200563,59,2019
2020,Baseline + late_trailing_lift,late_trailing_lift_diff,-0.2378657212488211,8.569340217661276,59,2019
2020,Baseline + all situations,home_advantage,0.3305714719503968,1.0,59,2019
2020,Baseline + all situations,seed_advantage,0.949874299287277,3.5937799372371333,59,2019
2020,Baseline + all situations,win_pct_diff,0.3943646226854674,0.14386599968846997,59,2019
2020,Baseline + all situations,point_diff_diff,0.13407806506770678,4.832594916134449,59,2019
2020,Baseline + all situations,srs_diff,0.08134792674722785,4.6204909200563,59,2019
2020,Baseline + all situations,front_running_gap_diff,0.35935435965529455,10.701512004745238,59,2019
2020,Baseline + all situations,big_deficit_lift_diff,0.026143310099508786,9.086452487115793,59,2019
2020,Baseline + all situations,close_lift_diff,0.15274241668224717,2.620149233577666,59,2019
2020,Baseline + all situations,clutch_lift_diff,0.14712582000240607,9.23995598665706,59,2019
2020,Baseline + all situations,late_trailing_lift_diff,-0.18317595326500435,8.569340217661276,59,2019
2020,Baseline + recent form,home_advantage,0.23976454988017748,1.0,59,2019
2020,Baseline + recent form,seed_advantage,1.016065443733957,3.5937799372371333,59,2019
2020,Baseline + recent form,win_pct_diff,0.38810858122239233,0.14386599968846997,59,2019
2020,Baseline + recent form,point_diff_diff,0.08893544481947249,4.832594916134449,59,2019
2020,Baseline + recent form,srs_diff,0.053590787530366675,4.6204909200563,59,2019
2020,Baseline + recent form,last20_point_diff_diff,0.1428767486277858,5.441000967232383,59,2019
2021,Seed + home court,home_advantage,0.38534020507229716,0.8929150560368535,74,2020
2021,Seed + home court,seed_advantage,1.2553810902899174,3.640982938267736,74,2020
2021,Strength baseline,home_advantage,0.28994084068547277,0.8929150560368535,74,2020
2021,Strength baseline,seed_advantage,1.038178831034794,3.640982938267736,74,2020
2021,Strength baseline,win_pct_diff,0.4235984184587877,0.14412292591014444,74,2020
2021,Strength baseline,point_diff_diff,-0.0022102115526237303,4.8175111121840555,74,2020
2021,Strength baseline,srs_diff,-0.004094753981733031,4.631921734902067,74,2020
2021,Baseline + front_running_gap,home_advantage,0.31559209230886365,0.8929150560368535,74,2020
2021,Baseline + front_running_gap,seed_advantage,0.9915645192979823,3.640982938267736,74,2020
2021,Baseline + front_running_gap,win_pct_diff,0.47461824297132266,0.14412292591014444,74,2020
2021,Baseline + front_running_gap,point_diff_diff,-0.013220425336241924,4.8175111121840555,74,2020
2021,Baseline + front_running_gap,srs_diff,-0.03784593975914645,4.631921734902067,74,2020
2021,Baseline + front_running_gap,front_running_gap_diff,0.34094022380481886,10.101343851365975,74,2020
2021,Baseline + big_deficit_lift,home_advantage,0.2723178308826326,0.8929150560368535,74,2020
2021,Baseline + big_deficit_lift,seed_advantage,0.9901615422866148,3.640982938267736,74,2020
2021,Baseline + big_deficit_lift,win_pct_diff,0.4180976211956381,0.14412292591014444,74,2020
2021,Baseline + big_deficit_lift,point_diff_diff,0.001722672759837286,4.8175111121840555,74,2020
2021,Baseline + big_deficit_lift,srs_diff,-0.015509088346829928,4.631921734902067,74,2020
2021,Baseline + big_deficit_lift,big_deficit_lift_diff,-0.2827344475653752,8.478569899466091,74,2020
2021,Baseline + close_lift,home_advantage,0.2705838519009401,0.8929150560368535,74,2020
2021,Baseline + close_lift,seed_advantage,1.0305831933368619,3.640982938267736,74,2020
2021,Baseline + close_lift,win_pct_diff,0.3785988565287065,0.14412292591014444,74,2020
2021,Baseline + close_lift,point_diff_diff,0.035425370783559944,4.8175111121840555,74,2020
2021,Baseline + close_lift,srs_diff,0.03480435928996838,4.631921734902067,74,2020
2021,Baseline + close_lift,close_lift_diff,0.21775247468067876,2.7105903193682503,74,2020
2021,Baseline + clutch_lift,home_advantage,0.2785127484636548,0.8929150560368535,74,2020
2021,Baseline + clutch_lift,seed_advantage,1.0550288974418,3.640982938267736,74,2020
2021,Baseline + clutch_lift,win_pct_diff,0.5261025126027153,0.14412292591014444,74,2020
2021,Baseline + clutch_lift,point_diff_diff,-0.07663901091764459,4.8175111121840555,74,2020
2021,Baseline + clutch_lift,srs_diff,-0.07680031069840394,4.631921734902067,74,2020
2021,Baseline + clutch_lift,clutch_lift_diff,-0.22126747051652734,9.584375047157291,74,2020
2021,Baseline + late_trailing_lift,home_advantage,0.36962215315443214,0.8929150560368535,74,2020
2021,Baseline + late_trailing_lift,seed_advantage,1.0395188986705746,3.640982938267736,74,2020
2021,Baseline + late_trailing_lift,win_pct_diff,0.478169627552322,0.14412292591014444,74,2020
2021,Baseline + late_trailing_lift,point_diff_diff,-0.07804704412818833,4.8175111121840555,74,2020
2021,Baseline + late_trailing_lift,srs_diff,-0.08186573803347298,4.631921734902067,74,2020
2021,Baseline + late_trailing_lift,late_trailing_lift_diff,-0.2341685258236743,8.230333285671383,74,2020
2021,Baseline + all situations,home_advantage,0.3283513122032706,0.8929150560368535,74,2020
2021,Baseline + all situations,seed_advantage,1.0133913615792656,3.640982938267736,74,2020
2021,Baseline + all situations,win_pct_diff,0.5482043029703828,0.14412292591014444,74,2020
2021,Baseline + all situations,point_diff_diff,-0.08447186148322411,4.8175111121840555,74,2020
2021,Baseline + all situations,srs_diff,-0.1033113792070064,4.631921734902067,74,2020
2021,Baseline + all situations,front_running_gap_diff,0.33015049402454044,10.101343851365975,74,2020
2021,Baseline + all situations,big_deficit_lift_diff,0.05504661919558189,8.478569899466091,74,2020
2021,Baseline + all situations,close_lift_diff,0.1923283541322773,2.7105903193682503,74,2020
2021,Baseline + all situations,clutch_lift_diff,-0.20812500545735427,9.584375047157291,74,2020
2021,Baseline + all situations,late_trailing_lift_diff,-0.10354991026374483,8.230333285671383,74,2020
2021,Baseline + recent form,home_advantage,0.2908543627334555,0.8929150560368535,74,2020
2021,Baseline + recent form,seed_advantage,1.0530573165880315,3.640982938267736,74,2020
2021,Baseline + recent form,win_pct_diff,0.4152124056941146,0.14412292591014444,74,2020
2021,Baseline + recent form,point_diff_diff,-0.0327735935865386,4.8175111121840555,74,2020
2021,Baseline + recent form,srs_diff,-0.037590127917180215,4.631921734902067,74,2020
2021,Baseline + recent form,last20_point_diff_diff,0.104920677987697,5.114001051696876,74,2020
2022,Seed + home court,home_advantage,0.2587911127480003,0.9118446546190329,89,2021
2022,Seed + home court,seed_advantage,1.2697987109230284,3.648918571518558,89,2021
2022,Strength baseline,home_advantage,0.13178041953525504,0.9118446546190329,89,2021
2022,Strength baseline,seed_advantage,0.9465169674728255,3.648918571518558,89,2021
2022,Strength baseline,win_pct_diff,0.3773611097323437,0.13869562240233227,89,2021
2022,Strength baseline,point_diff_diff,0.12405951749400183,4.685226232791236,89,2021
2022,Strength baseline,srs_diff,0.10114858288083761,4.5039049769713,89,2021
2022,Baseline + front_running_gap,home_advantage,0.14407780671980702,0.9118446546190329,89,2021
2022,Baseline + front_running_gap,seed_advantage,0.8951052075743808,3.648918571518558,89,2021
2022,Baseline + front_running_gap,win_pct_diff,0.4204985491591077,0.13869562240233227,89,2021
2022,Baseline + front_running_gap,point_diff_diff,0.1216443263783155,4.685226232791236,89,2021
2022,Baseline + front_running_gap,srs_diff,0.07591149943457759,4.5039049769713,89,2021
2022,Baseline + front_running_gap,front_running_gap_diff,0.3054718783138191,9.861527759427995,89,2021
2022,Baseline + big_deficit_lift,home_advantage,0.11313979103187562,0.9118446546190329,89,2021
2022,Baseline + big_deficit_lift,seed_advantage,0.8859440175275834,3.648918571518558,89,2021
2022,Baseline + big_deficit_lift,win_pct_diff,0.3689991926045418,0.13869562240233227,89,2021
2022,Baseline + big_deficit_lift,point_diff_diff,0.13361086326046212,4.685226232791236,89,2021
2022,Baseline + big_deficit_lift,srs_diff,0.09066974999157348,4.5039049769713,89,2021
2022,Baseline + big_deficit_lift,big_deficit_lift_diff,-0.33468442370670354,8.22742694956787,89,2021
2022,Baseline + close_lift,home_advantage,0.10276315136758096,0.9118446546190329,89,2021
2022,Baseline + close_lift,seed_advantage,0.9385581212584315,3.648918571518558,89,2021
2022,Baseline + close_lift,win_pct_diff,0.31861396854938306,0.13869562240233227,89,2021
2022,Baseline + close_lift,point_diff_diff,0.17395821467112288,4.685226232791236,89,2021
2022,Baseline + close_lift,srs_diff,0.1496725564504456,4.5039049769713,89,2021
2022,Baseline + close_lift,close_lift_diff,0.1838004786319538,2.945535432947853,89,2021
2022,Baseline + clutch_lift,home_advantage,0.11351226286796291,0.9118446546190329,89,2021
2022,Baseline + clutch_lift,seed_advantage,0.9735674438586932,3.648918571518558,89,2021
2022,Baseline + clutch_lift,win_pct_diff,0.5533363356477806,0.13869562240233227,89,2021
2022,Baseline + clutch_lift,point_diff_diff,-2.2052412118191466e-05,4.685226232791236,89,2021
2022,Baseline + clutch_lift,srs_diff,-0.018004802296899148,4.5039049769713,89,2021
2022,Baseline + clutch_lift,clutch_lift_diff,-0.34622795760734554,9.14682170704477,89,2021
2022,Baseline + late_trailing_lift,home_advantage,0.23049291752920997,0.9118446546190329,89,2021
2022,Baseline + late_trailing_lift,seed_advantage,0.955257796775746,3.648918571518558,89,2021
2022,Baseline + late_trailing_lift,win_pct_diff,0.4710634955506686,0.13869562240233227,89,2021
2022,Baseline + late_trailing_lift,point_diff_diff,0.01301657090228279,4.685226232791236,89,2021
2022,Baseline + late_trailing_lift,srs_diff,-0.011582339628643057,4.5039049769713,89,2021
2022,Baseline + late_trailing_lift,late_trailing_lift_diff,-0.29608123604504244,8.14162629223898,89,2021
2022,Baseline + all situations,home_advantage,0.16357341541459244,0.9118446546190329,89,2021
2022,Baseline + all situations,seed_advantage,0.9276467149511839,3.648918571518558,89,2021
2022,Baseline + all situations,win_pct_diff,0.5654491032834177,0.13869562240233227,89,2021
2022,Baseline + all situations,point_diff_diff,-0.0289402407530334,4.685226232791236,89,2021
2022,Baseline + all situations,srs_diff,-0.07023270808886056,4.5039049769713,89,2021
2022,Baseline + all situations,front_running_gap_diff,0.1234230146004373,9.861527759427995,89,2021
2022,Baseline + all situations,big_deficit_lift_diff,-0.1821491787186594,8.22742694956787,89,2021
2022,Baseline + all situations,close_lift_diff,0.0957843785512999,2.945535432947853,89,2021
2022,Baseline + all situations,clutch_lift_diff,-0.3038384130607964,9.14682170704477,89,2021
2022,Baseline + all situations,late_trailing_lift_diff,-0.20320420003450973,8.14162629223898,89,2021
2022,Baseline + recent form,home_advantage,0.13335194889543683,0.9118446546190329,89,2021
2022,Baseline + recent form,seed_advantage,0.9536154840623862,3.648918571518558,89,2021
2022,Baseline + recent form,win_pct_diff,0.37523691094234146,0.13869562240233227,89,2021
2022,Baseline + recent form,point_diff_diff,0.10710490531793017,4.685226232791236,89,2021
2022,Baseline + recent form,srs_diff,0.08271832725218513,4.5039049769713,89,2021
2022,Baseline + recent form,last20_point_diff_diff,0.05241927452678816,4.89346043778631,89,2021
2023,Seed + home court,home_advantage,0.30416677393959424,0.9243207949834489,103,2022
2023,Seed + home court,seed_advantage,1.2476771204763186,3.643054303766851,103,2022
2023,Strength baseline,home_advantage,0.21449041655022935,0.9243207949834489,103,2022
2023,Strength baseline,seed_advantage,0.946829180964079,3.643054303766851,103,2022
2023,Strength baseline,win_pct_diff,0.19930318118879123,0.1357023375967148,103,2022
2023,Strength baseline,point_diff_diff,0.14516244378924653,4.579502761025785,103,2022
2023,Strength baseline,srs_diff,0.18305631386781324,4.392073250344793,103,2022
2023,Baseline + front_running_gap,home_advantage,0.22349520413772045,0.9243207949834489,103,2022
2023,Baseline + front_running_gap,seed_advantage,0.8936555090573465,3.643054303766851,103,2022
2023,Baseline + front_running_gap,win_pct_diff,0.2317436161019219,0.1357023375967148,103,2022
2023,Baseline + front_running_gap,point_diff_diff,0.1466375289218341,4.579502761025785,103,2022
2023,Baseline + front_running_gap,srs_diff,0.1688779607073774,4.392073250344793,103,2022
2023,Baseline + front_running_gap,front_running_gap_diff,0.24257022691531036,9.563642141015912,103,2022
2023,Baseline + big_deficit_lift,home_advantage,0.18665523220329672,0.9243207949834489,103,2022
2023,Baseline + big_deficit_lift,seed_advantage,0.8855212696178223,3.643054303766851,103,2022
2023,Baseline + big_deficit_lift,win_pct_diff,0.16250507501079303,0.1357023375967148,103,2022
2023,Baseline + big_deficit_lift,point_diff_diff,0.1750910841258755,4.579502761025785,103,2022
2023,Baseline + big_deficit_lift,srs_diff,0.20023914417764313,4.392073250344793,103,2022
2023,Baseline + big_deficit_lift,big_deficit_lift_diff,-0.26754628141806264,8.173879606361455,103,2022
2023,Baseline + close_lift,home_advantage,0.18698230826507956,0.9243207949834489,103,2022
2023,Baseline + close_lift,seed_advantage,0.936066043645027,3.643054303766851,103,2022
2023,Baseline + close_lift,win_pct_diff,0.1352952113633026,0.1357023375967148,103,2022
2023,Baseline + close_lift,point_diff_diff,0.19718456671022844,4.579502761025785,103,2022
2023,Baseline + close_lift,srs_diff,0.23550338726608983,4.392073250344793,103,2022
2023,Baseline + close_lift,close_lift_diff,0.15758113648060998,2.8715903497332698,103,2022
2023,Baseline + clutch_lift,home_advantage,0.20781126456794696,0.9243207949834489,103,2022
2023,Baseline + clutch_lift,seed_advantage,0.9777311893378273,3.643054303766851,103,2022
2023,Baseline + clutch_lift,win_pct_diff,0.4886354011028635,0.1357023375967148,103,2022
2023,Baseline + clutch_lift,point_diff_diff,-0.03342975498454912,4.579502761025785,103,2022
2023,Baseline + clutch_lift,srs_diff,0.009132988795702882,4.392073250344793,103,2022
2023,Baseline + clutch_lift,clutch_lift_diff,-0.4704970326483904,9.517575557374348,103,2022
2023,Baseline + late_trailing_lift,home_advantage,0.2942558685643257,0.9243207949834489,103,2022
2023,Baseline + late_trailing_lift,seed_advantage,0.9631563804019909,3.643054303766851,103,2022
2023,Baseline + late_trailing_lift,win_pct_diff,0.33246529224492005,0.1357023375967148,103,2022
2023,Baseline + late_trailing_lift,point_diff_diff,0.029913528782124187,4.579502761025785,103,2022
2023,Baseline + late_trailing_lift,srs_diff,0.0628378520041145,4.392073250344793,103,2022
2023,Baseline + late_trailing_lift,late_trailing_lift_diff,-0.28868793559267614,8.47333034719306,103,2022
2023,Baseline + all situations,home_advantage,0.2216251546452354,0.9243207949834489,103,2022
2023,Baseline + all situations,seed_advantage,0.9312196571513927,3.643054303766851,103,2022
2023,Baseline + all situations,win_pct_diff,0.48190710588460745,0.1357023375967148,103,2022
2023,Baseline + all situations,point_diff_diff,-0.03746890294906355,4.579502761025785,103,2022
2023,Baseline + all situations,srs_diff,-0.010322289801908075,4.392073250344793,103,2022
2023,Baseline + all situations,front_running_gap_diff,0.03158189576911384,9.563642141015912,103,2022
2023,Baseline + all situations,big_deficit_lift_diff,-0.21260447059209897,8.173879606361455,103,2022
2023,Baseline + all situations,close_lift_diff,0.07074028062941637,2.8715903497332698,103,2022
2023,Baseline + all situations,clutch_lift_diff,-0.4331148857331988,9.517575557374348,103,2022
2023,Baseline + all situations,late_trailing_lift_diff,-0.16884192006084106,8.47333034719306,103,2022
2023,Baseline + recent form,home_advantage,0.21337169517557036,0.9243207949834489,103,2022
2023,Baseline + recent form,seed_advantage,0.9449592867492668,3.643054303766851,103,2022
2023,Baseline + recent form,win_pct_diff,0.1976308065554233,0.1357023375967148,103,2022
2023,Baseline + recent form,point_diff_diff,0.15285951534809478,4.579502761025785,103,2022
2023,Baseline + recent form,srs_diff,0.1908704035160358,4.392073250344793,103,2022
2023,Baseline + recent form,last20_point_diff_diff,-0.019064933260089127,5.058344063050098,103,2022
2024,Seed + home court,home_advantage,0.26188479036371,0.9342811974626287,118,2023
2024,Seed + home court,seed_advantage,0.9961093799845712,3.7687384932505563,118,2023
2024,Strength baseline,home_advantage,0.15335493951067045,0.9342811974626287,118,2023
2024,Strength baseline,seed_advantage,0.6196818101597986,3.7687384932505563,118,2023
2024,Strength baseline,win_pct_diff,0.35872399040580827,0.1325385610503335,118,2023
2024,Strength baseline,point_diff_diff,0.09274689481417604,4.457658846409145,118,2023
2024,Strength baseline,srs_diff,0.16456488769078093,4.272316921935963,118,2023
2024,Baseline + front_running_gap,home_advantage,0.15143777445075826,0.9342811974626287,118,2023
2024,Baseline + front_running_gap,seed_advantage,0.5944580977066384,3.7687384932505563,118,2023
2024,Baseline + front_running_gap,win_pct_diff,0.3741046062617383,0.1325385610503335,118,2023
2024,Baseline + front_running_gap,point_diff_diff,0.09249843024538154,4.457658846409145,118,2023
2024,Baseline + front_running_gap,srs_diff,0.158649275483993,4.272316921935963,118,2023
2024,Baseline + front_running_gap,front_running_gap_diff,0.08437066942978086,9.918636810479724,118,2023
2024,Baseline + big_deficit_lift,home_advantage,0.13539961428539585,0.9342811974626287,118,2023
2024,Baseline + big_deficit_lift,seed_advantage,0.5806400343111913,3.7687384932505563,118,2023
2024,Baseline + big_deficit_lift,win_pct_diff,0.34029850411966833,0.1325385610503335,118,2023
2024,Baseline + big_deficit_lift,point_diff_diff,0.10869644004335005,4.457658846409145,118,2023
2024,Baseline + big_deficit_lift,srs_diff,0.17287817154479973,4.272316921935963,118,2023
2024,Baseline + big_deficit_lift,big_deficit_lift_diff,-0.14632239495857324,8.097633834923055,118,2023
2024,Baseline + close_lift,home_advantage,0.15680727533478456,0.9342811974626287,118,2023
2024,Baseline + close_lift,seed_advantage,0.6208907478270411,3.7687384932505563,118,2023
2024,Baseline + close_lift,win_pct_diff,0.3671856455456996,0.1325385610503335,118,2023
2024,Baseline + close_lift,point_diff_diff,0.08674215070031019,4.457658846409145,118,2023
2024,Baseline + close_lift,srs_diff,0.15848958932237056,4.272316921935963,118,2023
2024,Baseline + close_lift,close_lift_diff,-0.01976428924037554,2.9649597952424287,118,2023
2024,Baseline + clutch_lift,home_advantage,0.14446285909138382,0.9342811974626287,118,2023
2024,Baseline + clutch_lift,seed_advantage,0.6195368404842904,3.7687384932505563,118,2023
2024,Baseline + clutch_lift,win_pct_diff,0.49730010652207973,0.1325385610503335,118,2023
2024,Baseline + clutch_lift,point_diff_diff,0.007758083458124933,4.457658846409145,118,2023
2024,Baseline + clutch_lift,srs_diff,0.08145416905715247,4.272316921935963,118,2023
2024,Baseline + clutch_lift,clutch_lift_diff,-0.1942513562877719,9.676622020577204,118,2023
2024,Baseline + late_trailing_lift,home_advantage,0.15039071395502673,0.9342811974626287,118,2023
2024,Baseline + late_trailing_lift,seed_advantage,0.6206605046382132,3.7687384932505563,118,2023
2024,Baseline + late_trailing_lift,win_pct_diff,0.3512499896573636,0.1325385610503335,118,2023
2024,Baseline + late_trailing_lift,point_diff_diff,0.0985405675591464,4.457658846409145,118,2023
2024,Baseline + late_trailing_lift,srs_diff,0.1705300364759654,4.272316921935963,118,2023
2024,Baseline + late_trailing_lift,late_trailing_lift_diff,0.013536871379426088,8.714145735206557,118,2023
2024,Baseline + all situations,home_advantage,0.10978919527412032,0.9342811974626287,118,2023
2024,Baseline + all situations,seed_advantage,0.5936362693641737,3.7687384932505563,118,2023
2024,Baseline + all situations,win_pct_diff,0.459567637905721,0.1325385610503335,118,2023
2024,Baseline + all situations,point_diff_diff,0.029739902637894382,4.457658846409145,118,2023
2024,Baseline + all situations,srs_diff,0.09775947452941496,4.272316921935963,118,2023
2024,Baseline + all situations,front_running_gap_diff,-0.10047089008228612,9.918636810479724,118,2023
2024,Baseline + all situations,big_deficit_lift_diff,-0.26778541887522067,8.097633834923055,118,2023
2024,Baseline + all situations,close_lift_diff,-0.10307039423638326,2.9649597952424287,118,2023
2024,Baseline + all situations,clutch_lift_diff,-0.22312145697240396,9.676622020577204,118,2023
2024,Baseline + all situations,late_trailing_lift_diff,0.08275733712529566,8.714145735206557,118,2023
2024,Baseline + recent form,home_advantage,0.15227323031686574,0.9342811974626287,118,2023
2024,Baseline + recent form,seed_advantage,0.6166883945821122,3.7687384932505563,118,2023
2024,Baseline + recent form,win_pct_diff,0.3563670769282047,0.1325385610503335,118,2023
2024,Baseline + recent form,point_diff_diff,0.10114860963648338,4.457658846409145,118,2023
2024,Baseline + recent form,srs_diff,0.1732811832741401,4.272316921935963,118,2023
2024,Baseline + recent form,last20_point_diff_diff,-0.019371290589999427,4.927011763255111,118,2023
2025,Seed + home court,home_advantage,0.1472897752109518,0.9419225260671824,133,2024
2025,Seed + home court,seed_advantage,1.038254091416483,3.810353919582957,133,2024
2025,Strength baseline,home_advantage,0.010029988196587273,0.9419225260671824,133,2024
2025,Strength baseline,seed_advantage,0.5608809715823776,3.810353919582957,133,2024
2025,Strength baseline,win_pct_diff,0.4978891620509024,0.13090972113564014,133,2024
2025,Strength baseline,point_diff_diff,0.1201166718721717,4.561033837660841,133,2024
2025,Strength baseline,srs_diff,0.16827156632435775,4.378649650577903,133,2024
2025,Baseline + front_running_gap,home_advantage,0.0138864900954059,0.9419225260671824,133,2024
2025,Baseline + front_running_gap,seed_advantage,0.5172305070570755,3.810353919582957,133,2024
2025,Baseline + front_running_gap,win_pct_diff,0.5185578122652809,0.13090972113564014,133,2024
2025,Baseline + front_running_gap,point_diff_diff,0.11821478514772386,4.561033837660841,133,2024
2025,Baseline + front_running_gap,srs_diff,0.15743761737769982,4.378649650577903,133,2024
2025,Baseline + front_running_gap,front_running_gap_diff,0.16258202761464452,9.632488163804958,133,2024
2025,Baseline + big_deficit_lift,home_advantage,-0.008111617844370232,0.9419225260671824,133,2024
2025,Baseline + big_deficit_lift,seed_advantage,0.5101629687666626,3.810353919582957,133,2024
2025,Baseline + big_deficit_lift,win_pct_diff,0.4486085737240842,0.13090972113564014,133,2024
2025,Baseline + big_deficit_lift,point_diff_diff,0.14145872700597367,4.561033837660841,133,2024
2025,Baseline + big_deficit_lift,srs_diff,0.18154943684485378,4.378649650577903,133,2024
2025,Baseline + big_deficit_lift,big_deficit_lift_diff,-0.25503797140487633,8.158870375298102,133,2024
2025,Baseline + close_lift,home_advantage,0.034917769115033,0.9419225260671824,133,2024
2025,Baseline + close_lift,seed_advantage,0.562809014884843,3.810353919582957,133,2024
2025,Baseline + close_lift,win_pct_diff,0.5468424073682708,0.13090972113564014,133,2024
2025,Baseline + close_lift,point_diff_diff,0.09444733806700319,4.561033837660841,133,2024
2025,Baseline + close_lift,srs_diff,0.14029259774797265,4.378649650577903,133,2024
2025,Baseline + close_lift,close_lift_diff,-0.12516244093880025,3.2355162550810914,133,2024
2025,Baseline + clutch_lift,home_advantage,0.006153509346824592,0.9419225260671824,133,2024
2025,Baseline + clutch_lift,seed_advantage,0.5818857286069757,3.810353919582957,133,2024
2025,Baseline + clutch_lift,win_pct_diff,0.6300771143050571,0.13090972113564014,133,2024
2025,Baseline + clutch_lift,point_diff_diff,0.0241505364595334,4.561033837660841,133,2024
2025,Baseline + clutch_lift,srs_diff,0.07828806067561003,4.378649650577903,133,2024
2025,Baseline + clutch_lift,clutch_lift_diff,-0.19610475500556046,9.865280166592946,133,2024
2025,Baseline + late_trailing_lift,home_advantage,-0.01036452291900434,0.9419225260671824,133,2024
2025,Baseline + late_trailing_lift,seed_advantage,0.5653930765316567,3.810353919582957,133,2024
2025,Baseline + late_trailing_lift,win_pct_diff,0.42704041867785386,0.13090972113564014,133,2024
2025,Baseline + late_trailing_lift,point_diff_diff,0.17328079253112202,4.561033837660841,133,2024
2025,Baseline + late_trailing_lift,srs_diff,0.22291528019315301,4.378649650577903,133,2024
2025,Baseline + late_trailing_lift,late_trailing_lift_diff,0.12108903225818884,8.613441195210665,133,2024
2025,Baseline + all situations,home_advantage,-0.015871481057108745,0.9419225260671824,133,2024
2025,Baseline + all situations,seed_advantage,0.5440075424632339,3.810353919582957,133,2024
2025,Baseline + all situations,win_pct_diff,0.5412361996776968,0.13090972113564014,133,2024
2025,Baseline + all situations,point_diff_diff,0.06795970963893869,4.561033837660841,133,2024
2025,Baseline + all situations,srs_diff,0.11445420181319474,4.378649650577903,133,2024
2025,Baseline + all situations,front_running_gap_diff,-0.13960017290708418,9.632488163804958,133,2024
2025,Baseline + all situations,big_deficit_lift_diff,-0.4729824650101988,8.158870375298102,133,2024
2025,Baseline + all situations,close_lift_diff,-0.2580598812567878,3.2355162550810914,133,2024
2025,Baseline + all situations,clutch_lift_diff,-0.2450576652394083,9.865280166592946,133,2024
2025,Baseline + all situations,late_trailing_lift_diff,0.1770074234639652,8.613441195210665,133,2024
2025,Baseline + recent form,home_advantage,0.03056791999528852,0.9419225260671824,133,2024
2025,Baseline + recent form,seed_advantage,0.5853140044196556,3.810353919582957,133,2024
2025,Baseline + recent form,win_pct_diff,0.507584956429166,0.13090972113564014,133,2024
2025,Baseline + recent form,point_diff_diff,0.05181312466146866,4.561033837660841,133,2024
2025,Baseline + recent form,srs_diff,0.09914105483174264,4.378649650577903,133,2024
2025,Baseline + recent form,last20_point_diff_diff,0.16424948597554512,5.204341377439833,133,2024
2026,Seed + home court,home_advantage,0.12362647738864922,0.9479708057997612,148,2025
2026,Seed + home court,seed_advantage,1.0287933930115472,3.8149775954852023,148,2025
2026,Strength baseline,home_advantage,-0.015320179660245467,0.9479708057997612,148,2025
2026,Strength baseline,seed_advantage,0.5230011672197553,3.8149775954852023,148,2025
2026,Strength baseline,win_pct_diff,0.524910964013041,0.1353536771270927,148,2025
2026,Strength baseline,point_diff_diff,0.1458170253336228,4.763571448785275,148,2025
2026,Strength baseline,srs_diff,0.1556976780128859,4.5933945536309775,148,2025
2026,Baseline + front_running_gap,home_advantage,-0.011834864188545605,0.9479708057997612,148,2025
2026,Baseline + front_running_gap,seed_advantage,0.49361022566682755,3.8149775954852023,148,2025
2026,Baseline + front_running_gap,win_pct_diff,0.5390314602617544,0.1353536771270927,148,2025
2026,Baseline + front_running_gap,point_diff_diff,0.1430963402700863,4.763571448785275,148,2025
2026,Baseline + front_running_gap,srs_diff,0.14702172916550746,4.5933945536309775,148,2025
2026,Baseline + front_running_gap,front_running_gap_diff,0.1094022735259113,9.40694073216111,148,2025
2026,Baseline + big_deficit_lift,home_advantage,-0.029089861011348573,0.9479708057997612,148,2025
2026,Baseline + big_deficit_lift,seed_advantage,0.4778678095989009,3.8149775954852023,148,2025
2026,Baseline + big_deficit_lift,win_pct_diff,0.47588924783948644,0.1353536771270927,148,2025
2026,Baseline + big_deficit_lift,point_diff_diff,0.1661929557088527,4.763571448785275,148,2025
2026,Baseline + big_deficit_lift,srs_diff,0.17007214464294126,4.5933945536309775,148,2025
2026,Baseline + big_deficit_lift,big_deficit_lift_diff,-0.21822385251670348,7.905730049461887,148,2025
2026,Baseline + close_lift,home_advantage,0.017806190744869894,0.9479708057997612,148,2025
2026,Baseline + close_lift,seed_advantage,0.5318075861469918,3.8149775954852023,148,2025
2026,Baseline + close_lift,win_pct_diff,0.6033970177021765,0.1353536771270927,148,2025
2026,Baseline + close_lift,point_diff_diff,0.1073005360349164,4.763571448785275,148,2025
2026,Baseline + close_lift,srs_diff,0.11527262334009797,4.5933945536309775,148,2025
2026,Baseline + close_lift,close_lift_diff,-0.17312266078315838,3.2275549212089167,148,2025
2026,Baseline + clutch_lift,home_advantage,-0.018114521310507205,0.9479708057997612,148,2025
2026,Baseline + clutch_lift,seed_advantage,0.544154947073273,3.8149775954852023,148,2025
2026,Baseline + clutch_lift,win_pct_diff,0.6366891243492051,0.1353536771270927,148,2025
2026,Baseline + clutch_lift,point_diff_diff,0.060890213893825464,4.763571448785275,148,2025
2026,Baseline + clutch_lift,srs_diff,0.07356011392669394,4.5933945536309775,148,2025
2026,Baseline + clutch_lift,clutch_lift_diff,-0.15735413619181352,10.017983889163016,148,2025
2026,Baseline + late_trailing_lift,home_advantage,-0.03537577088426905,0.9479708057997612,148,2025
2026,Baseline + late_trailing_lift,seed_advantage,0.5330742407268897,3.8149775954852023,148,2025
2026,Baseline + late_trailing_lift,win_pct_diff,0.447377524143131,0.1353536771270927,148,2025
2026,Baseline + late_trailing_lift,point_diff_diff,0.2032053757903665,4.763571448785275,148,2025
2026,Baseline + late_trailing_lift,srs_diff,0.21573701880548038,4.5933945536309775,148,2025
2026,Baseline + late_trailing_lift,late_trailing_lift_diff,0.13642533731188822,8.64780399597081,148,2025
2026,Baseline + all situations,home_advantage,-0.029422372297759132,0.9479708057997612,148,2025
2026,Baseline + all situations,seed_advantage,0.531622223885893,3.8149775954852023,148,2025
2026,Baseline + all situations,win_pct_diff,0.5560554648785268,0.1353536771270927,148,2025
2026,Baseline + all situations,point_diff_diff,0.09324830528912463,4.763571448785275,148,2025
2026,Baseline + all situations,srs_diff,0.10247484664604702,4.5933945536309775,148,2025
2026,Baseline + all situations,front_running_gap_diff,-0.2311052503654371,9.40694073216111,148,2025
2026,Baseline + all situations,big_deficit_lift_diff,-0.545610729374635,7.905730049461887,148,2025
2026,Baseline + all situations,close_lift_diff,-0.31451352849406194,3.2275549212089167,148,2025
2026,Baseline + all situations,clutch_lift_diff,-0.2086438727884898,10.017983889163016,148,2025
2026,Baseline + all situations,late_trailing_lift_diff,0.1676733353549977,8.64780399597081,148,2025
2026,Baseline + recent form,home_advantage,0.014604161296877994,0.9479708057997612,148,2025
2026,Baseline + recent form,seed_advantage,0.5575481061461494,3.8149775954852023,148,2025
2026,Baseline + recent form,win_pct_diff,0.5375000881961802,0.1353536771270927,148,2025
2026,Baseline + recent form,point_diff_diff,0.05502617411333645,4.763571448785275,148,2025
2026,Baseline + recent form,srs_diff,0.06565808055838593,4.5933945536309775,148,2025
2026,Baseline + recent form,last20_point_diff_diff,0.20295380322185214,5.452779479683188,148,2025
