season,team,contrast,gap,ci_low,ci_high,eligible,positive_ci,schedule_adjusted_gap
2023,ATL,Ahead vs behind,-6.873834375650588,-21.766182138798737,5.147679665411378,True,False,-9.107873931198519
2023,ATL,Ahead vs clutch,12.06655049895188,-6.471274987486385,31.596446706225866,True,False,10.712762805014254
2023,ATL,"Ahead vs behind, excluding final 2",-6.847018478816775,-22.40255108978706,5.79177606034414,True,False,-9.037647510814917
2023,BKN,Ahead vs behind,6.2829069333467125,-8.879370154649491,19.07426729337915,True,False,2.8384141421432965
2023,BKN,Ahead vs clutch,0.7679737065898786,-23.020712958896794,22.478841458026288,False,False,-0.5062346851187005
2023,BKN,"Ahead vs behind, excluding final 2",5.381173085701242,-9.878173998407426,17.9844067208602,True,False,1.9560708444036878
2023,BOS,Ahead vs behind,-0.759567586678676,-20.623125405102414,13.45476594317138,True,False,-2.030087920696953
2023,BOS,Ahead vs clutch,1.8707152468196968,-18.979115466936197,21.12479912401671,False,False,-0.48218399886135677
2023,BOS,"Ahead vs behind, excluding final 2",-3.2140565723794747,-25.06022678853752,13.208183846598814,True,False,-4.443046638499922
2023,CHA,Ahead vs behind,-11.887360967098406,-34.739667018693005,2.624621266513686,True,False,-15.54914963792736
2023,CHA,Ahead vs clutch,-10.9267447232538,-38.99478865817519,12.441648889130695,True,False,-12.888108755452024
2023,CHA,"Ahead vs behind, excluding final 2",-13.175749666612173,-35.113787358033946,1.4176717247668187,True,False,-16.824192426336765
2023,CHI,Ahead vs behind,3.408505975203518,-10.91086402526103,16.12868005719586,True,False,0.8257493418507762
2023,CHI,Ahead vs clutch,7.665256439691614,-10.824541602259233,27.30645054377175,False,False,6.347375759925731
2023,CHI,"Ahead vs behind, excluding final 2",-2.6907846242226166,-16.63869008101275,9.948418094627263,True,False,-5.290783118896923
2023,CLE,Ahead vs behind,-4.204215273698896,-18.260640559287175,6.069150000961171,True,False,-7.573766594639993
2023,CLE,Ahead vs clutch,1.8519473042703112,-18.86179387136732,24.325543515687155,False,False,-0.6833669333207215
2023,CLE,"Ahead vs behind, excluding final 2",-1.7142070907759592,-16.32880348005873,9.605294630428032,True,False,-5.040658399412786
2023,DAL,Ahead vs behind,-2.3288411035350247,-15.972285245728772,8.34024391097008,True,False,-2.4402894634057044
2023,DAL,Ahead vs clutch,5.45415876038896,-13.553828790326227,23.799782875656284,True,False,6.0079740929872925
2023,DAL,"Ahead vs behind, excluding final 2",-1.267999935968862,-14.469898367383028,8.951794094617643,True,False,-1.2826661686611622
2023,DEN,Ahead vs behind,6.8183849638421865,-7.8063821319537965,19.198981699913627,True,False,5.626682141253336
2023,DEN,Ahead vs clutch,-8.972591179579325,-29.820075269253937,14.091904109375584,False,False,-9.397887582365954
2023,DEN,"Ahead vs behind, excluding final 2",6.218155956720396,-9.560784654267108,19.271423773085964,True,False,4.991017047874763
2023,DET,Ahead vs behind,6.097851281183793,-18.42118401077141,22.135853590030706,False,False,3.227040792541912
2023,DET,Ahead vs clutch,18.010113907791123,-11.355144141685203,46.475008933462014,False,False,18.37173911132743
2023,DET,"Ahead vs behind, excluding final 2",5.012466138306888,-21.267523488424285,21.370876497516857,False,False,2.103107603581827
2023,GSW,Ahead vs behind,3.799791616371614,-13.197332547702375,18.286172521730336,True,False,1.332673010130632
2023,GSW,Ahead vs clutch,-0.2626233499378543,-23.907255954678398,25.215395011475263,True,False,-1.616229630374832
2023,GSW,"Ahead vs behind, excluding final 2",2.475275348426618,-14.718876602374896,16.97716329247904,True,False,0.04003707709681592
2023,HOU,Ahead vs behind,-4.990273077080831,-27.699927635088002,9.797226258605088,True,False,-7.665677706474824
2023,HOU,Ahead vs clutch,-4.434269242663889,-35.01589396171385,22.81330352227075,False,False,-5.86324832281897
2023,HOU,"Ahead vs behind, excluding final 2",-5.455212580061467,-28.687977815222723,9.956083667668965,True,False,-8.098937070196147
2023,IND,Ahead vs behind,-25.87303991289189,-42.8984882713225,-11.874939657636348,True,False,-25.818584157135337
2023,IND,Ahead vs clutch,-24.460956707912338,-52.24922804104133,2.3434453485005386,True,False,-24.59757179789548
2023,IND,"Ahead vs behind, excluding final 2",-25.35278808742816,-41.42524135556258,-12.099105351587538,True,False,-25.197358231464612
2023,LAC,Ahead vs behind,0.8329770894087272,-13.225418760683683,12.639003063941374,True,False,-3.0369779241884753
2023,LAC,Ahead vs clutch,-8.304134250789403,-33.63888596355666,15.905890735979495,False,False,-10.094818423164144
2023,LAC,"Ahead vs behind, excluding final 2",2.4493619655638863,-12.101733574278095,13.92894627007147,True,False,-1.386855946501921
2023,LAL,Ahead vs behind,-17.74684092284278,-33.52180943913659,-6.866358654273266,True,False,-20.176071316522066
2023,LAL,Ahead vs clutch,-13.034058922642053,-35.18242782853956,6.055196420605991,True,False,-15.708039220668653
2023,LAL,"Ahead vs behind, excluding final 2",-18.280187566946665,-35.38864410055053,-6.85024094769749,True,False,-20.727438463024303
2023,MEM,Ahead vs behind,9.009516552129675,-5.293580305546149,20.831357668738246,True,False,7.5858575711132294
2023,MEM,Ahead vs clutch,13.17768596001291,-15.71291135232345,42.60053790576228,False,False,13.070344165090527
2023,MEM,"Ahead vs behind, excluding final 2",11.177871986239413,-3.785421439237975,23.26866103964638,True,False,9.821783408136255
2023,MIA,Ahead vs behind,-6.619879487764726,-26.200206823264406,8.602185156105755,True,False,-8.315619427872715
2023,MIA,Ahead vs clutch,-22.39081899221307,-41.34865144623765,-5.389388590228924,True,False,-22.135118558290312
2023,MIA,"Ahead vs behind, excluding final 2",-8.034076817036652,-28.856280774699197,8.833441623173137,True,False,-9.687138258795793
2023,MIL,Ahead vs behind,8.120433772447047,-8.033666437322706,20.54281922481175,True,False,5.534997659472138
2023,MIL,Ahead vs clutch,-14.49028470134663,-41.658743266287274,11.262036130535746,False,False,-16.968155909862105
2023,MIL,"Ahead vs behind, excluding final 2",7.80952518632467,-10.070665285498015,20.58578180971566,True,False,5.112971454020522
2023,MIN,Ahead vs behind,-7.757174253808994,-24.265509201080878,4.828727255526877,True,False,-8.128810277720213
2023,MIN,Ahead vs clutch,-0.7688855843452824,-23.127992649722852,20.288075151544778,False,False,-1.392970848693814
2023,MIN,"Ahead vs behind, excluding final 2",-5.576272782869721,-22.763689385772395,6.983175958301682,True,False,-5.84523759937708
2023,NOP,Ahead vs behind,2.735902148265361,-9.470228213545367,13.153405761509735,True,False,-1.932536865798605
2023,NOP,Ahead vs clutch,-3.3383113652086713,-23.551032348346727,17.192988653477308,False,False,-6.007266145248492
2023,NOP,"Ahead vs behind, excluding final 2",3.72534628349694,-8.223587459906275,13.987089527086429,True,False,-0.9763031781235167
2023,NYK,Ahead vs behind,-9.762311389526598,-23.256595150383585,2.8510011699683555,True,False,-11.096547969115084
2023,NYK,Ahead vs clutch,13.483414774831926,-6.506737832091508,32.855348526368665,True,False,11.904682927252187
2023,NYK,"Ahead vs behind, excluding final 2",-9.65315809236304,-25.104086106583487,3.41148905532355,True,False,-10.88462937616509
2023,OKC,Ahead vs behind,-1.4726175209306458,-16.67616494185905,11.077172361616132,True,False,-3.0016065558485288
2023,OKC,Ahead vs clutch,19.114377766044797,-1.942784934056091,38.014440358542416,True,False,18.823550619718894
2023,OKC,"Ahead vs behind, excluding final 2",1.178115694191316,-15.066379922683447,14.682654410675132,True,False,-0.3965559146837414
2023,ORL,Ahead vs behind,-10.172275609025593,-22.11870982693715,1.55179711511366,True,False,-12.007383719610763
2023,ORL,Ahead vs clutch,-4.253999537891618,-21.983257900800993,14.459174608670464,False,False,-5.5884396107286785
2023,ORL,"Ahead vs behind, excluding final 2",-11.107124180981597,-23.988310709948674,2.5476008847331792,True,False,-13.002628541251667
2023,PHI,Ahead vs behind,-10.176804565849906,-26.507774821221098,3.880577189527938,True,False,-13.452954761022458
2023,PHI,Ahead vs clutch,-15.409324342339062,-36.97574926309494,4.812984921332934,True,False,-17.455474428213435
2023,PHI,"Ahead vs behind, excluding final 2",-11.491395317339347,-27.798720628420945,3.0161436561441697,True,False,-14.686227640448502
2023,PHX,Ahead vs behind,7.947408143682886,-6.198579222048098,19.486872421938834,True,False,5.600794788129987
2023,PHX,Ahead vs clutch,9.280983683188795,-13.090811118131096,32.39565985375448,False,False,8.62175384754092
2023,PHX,"Ahead vs behind, excluding final 2",8.502071135330253,-6.436855837677394,20.814960978744217,True,False,6.149412819499819
2023,POR,Ahead vs behind,7.848365389735224,-5.496637988331953,20.389320847249227,True,False,3.2015451645240747
2023,POR,Ahead vs clutch,-1.0159714061699936,-26.02248409212756,22.53215678900163,False,False,-3.909624871258922
2023,POR,"Ahead vs behind, excluding final 2",5.680508113733672,-8.605197840354647,19.371494774355206,True,False,1.111634174781356
2023,SAC,Ahead vs behind,-6.94583420987396,-27.458583682474863,7.100258952166541,True,False,-9.322441569038965
2023,SAC,Ahead vs clutch,-8.79486435462233,-33.04388200174731,13.296979867961209,True,False,-8.684508201771862
2023,SAC,"Ahead vs behind, excluding final 2",-9.878674227822296,-29.479970260399085,3.5994424085901673,True,False,-12.079835629455575
2023,SAS,Ahead vs behind,4.9997312550692,-7.19970739615211,15.719661085418668,True,False,3.9344940456675364
2023,SAS,Ahead vs clutch,4.6993462861577004,-23.69283424390949,32.33311421096189,False,False,4.38954787663992
2023,SAS,"Ahead vs behind, excluding final 2",5.994249056757983,-6.976904799268345,17.353029825748983,True,False,4.970425781159557
2023,TOR,Ahead vs behind,-7.903555349203915,-22.626919870848763,3.4776867402320817,True,False,-11.876606737708379
2023,TOR,Ahead vs clutch,1.930104460837322,-20.283048599120328,24.164764752917634,False,False,-0.9163231843245851
2023,TOR,"Ahead vs behind, excluding final 2",-6.350865253879725,-22.004337854268037,6.363662609744708,True,False,-10.323006405727769
2023,UTA,Ahead vs behind,-16.726759145265156,-32.93106340325322,-4.650413569836566,True,False,-18.80737548074635
2023,UTA,Ahead vs clutch,-14.672674572375442,-34.645624971186834,5.155392217780406,True,False,-16.15250571607921
2023,UTA,"Ahead vs behind, excluding final 2",-17.020135035364028,-33.55229786938045,-3.8228884089444137,True,False,-18.97291682327714
2023,WAS,Ahead vs behind,-4.633542014934192,-16.403107870700257,5.1580933420571435,True,False,-7.618133369081751
2023,WAS,Ahead vs clutch,6.424738334779562,-14.857857029014403,25.879997614930318,False,False,5.377714796248126
2023,WAS,"Ahead vs behind, excluding final 2",-1.9952622209209352,-13.944761148834493,7.91296269108553,True,False,-4.862181684319612
2024,ATL,Ahead vs behind,-9.593374551789557,-25.36029944253004,4.177623414684856,True,False,-13.683072564318966
2024,ATL,Ahead vs clutch,7.314130681689868,-10.786882217193655,25.93173130394215,True,False,5.365113784982196
2024,ATL,"Ahead vs behind, excluding final 2",-11.502688397577462,-26.501563826678364,1.278645941072579,True,False,-15.677828137379365
2024,BKN,Ahead vs behind,2.064826030923906,-9.768368346389,13.815428802986029,True,False,-2.610412220019554
2024,BKN,Ahead vs clutch,7.336990539932399,-15.281368476490611,28.08524866552991,True,False,7.38030704481424
2024,BKN,"Ahead vs behind, excluding final 2",0.2547093000924805,-11.24929200424603,11.519482586664395,True,False,-4.2976127071792405
2024,BOS,Ahead vs behind,6.04781990424578,-18.146846978477946,22.26160105332258,False,False,1.1749643232511016
2024,BOS,Ahead vs clutch,-8.787189915323637,-35.446683998079514,13.698321827395691,False,False,-11.107316281230409
2024,BOS,"Ahead vs behind, excluding final 2",6.8097655426457635,-19.53681605516862,22.852720569296732,False,False,1.9225721298356695
2024,CHA,Ahead vs behind,-15.282092570306599,-49.23893859445297,1.1267573460067726,False,False,-20.889702167245137
2024,CHA,Ahead vs clutch,-18.199017235848522,-55.58067535551147,12.808749197705145,False,False,-21.432068265709916
2024,CHA,"Ahead vs behind, excluding final 2",-16.048466307912996,-51.16860769235982,0.2833978830379738,False,False,-21.634619764474213
2024,CHI,Ahead vs behind,-15.81712158747802,-32.252133400641306,-1.4728679246940644,True,False,-21.200426193113287
2024,CHI,Ahead vs clutch,-36.10741728698667,-56.20273291207181,-15.823006553983715,True,False,-38.982699575803785
2024,CHI,"Ahead vs behind, excluding final 2",-18.470668308714483,-34.049193157643366,-4.183956983264339,True,False,-23.71343298603128
2024,CLE,Ahead vs behind,-5.59422257770767,-22.56235033826681,9.250031723272999,True,False,-10.165134225332569
2024,CLE,Ahead vs clutch,4.527349833273211,-17.45613259289356,25.024742080850864,False,False,2.1525727621306925
2024,CLE,"Ahead vs behind, excluding final 2",-6.59112826659528,-23.932014936284208,8.556458546719437,True,False,-11.09921569640781
2024,DAL,Ahead vs behind,8.528453225245674,-5.796883802082974,21.22021250332714,True,False,3.9485990841939165
2024,DAL,Ahead vs clutch,-17.156090733508922,-46.87551041474135,14.946090632700315,False,False,-19.974785751743724
2024,DAL,"Ahead vs behind, excluding final 2",6.638823916232234,-8.333329234428383,20.626392607909455,True,False,2.073588168730466
2024,DEN,Ahead vs behind,-1.8024386777802497,-16.118967076467033,11.214708042535035,True,False,-6.5792082778242635
2024,DEN,Ahead vs clutch,-29.455173624820908,-51.40754646592659,-7.7526110677519755,False,False,-32.95491445334716
2024,DEN,"Ahead vs behind, excluding final 2",-0.7323450185084885,-14.974432835344471,12.52232655650664,True,False,-5.498830722640799
2024,DET,Ahead vs behind,-11.436281628998582,-25.182946865511664,-0.008971301292572696,True,False,-15.116882949370698
2024,DET,Ahead vs clutch,16.891551252458953,-14.5199443704496,44.41665317516371,False,False,15.138473249411074
2024,DET,"Ahead vs behind, excluding final 2",-17.025059033176746,-33.70999116286968,-5.173304479606489,False,False,-20.553257747695266
2024,GSW,Ahead vs behind,-18.26456832624168,-41.24081148276039,-1.3117194129028786,True,False,-22.762523299740927
2024,GSW,Ahead vs clutch,-4.13963613974962,-23.662349624390824,14.12641090699872,True,False,-7.697035957318828
2024,GSW,"Ahead vs behind, excluding final 2",-21.39645979597635,-45.063972143004825,-4.042712287815461,True,False,-25.866390936479462
2024,HOU,Ahead vs behind,-11.096392028425907,-25.071248178460625,1.580490255169905,True,False,-15.701842434263135
2024,HOU,Ahead vs clutch,10.013792931782927,-12.236594896653939,32.912710851656286,False,False,8.438925097537881
2024,HOU,"Ahead vs behind, excluding final 2",-10.888864738080873,-25.08958260855605,1.6764484658714407,True,False,-15.214870469134961
2024,IND,Ahead vs behind,3.1162751784731197,-12.787752633755524,15.236593514147108,True,False,-1.0508586625808403
2024,IND,Ahead vs clutch,9.155668813703949,-9.193479609958604,28.337977522317807,False,False,7.083071985416862
2024,IND,"Ahead vs behind, excluding final 2",1.3144570904200266,-15.113372833146396,14.190150718538657,True,False,-2.875665022831496
2024,LAC,Ahead vs behind,-6.885211166733088,-21.563521050509248,5.907174498851622,True,False,-11.87779930662082
2024,LAC,Ahead vs clutch,-19.980691053705716,-48.89856945867562,5.218566957225388,False,False,-22.159173805717728
2024,LAC,"Ahead vs behind, excluding final 2",-8.037236894983765,-23.385355315472438,4.578882025712339,True,False,-12.937026162800668
2024,LAL,Ahead vs behind,-4.545585574138426,-16.627609832099246,6.575581931701391,True,False,-10.03146173106131
2024,LAL,Ahead vs clutch,-9.529923510772914,-31.425820584992035,11.562788090654692,False,False,-13.789654234752929
2024,LAL,"Ahead vs behind, excluding final 2",-4.304041751244258,-15.779407908010276,6.006125775286502,True,False,-9.892202919935682
2024,MEM,Ahead vs behind,-8.211736864336018,-26.342254058628072,4.324351278381974,True,False,-12.657882183335193
2024,MEM,Ahead vs clutch,-2.978407927573267,-35.66977438034144,22.476620103847843,False,False,-6.0461778545678335
2024,MEM,"Ahead vs behind, excluding final 2",-8.851863499401734,-27.605510571222226,3.7263626085201897,True,False,-13.26654098400002
2024,MIA,Ahead vs behind,-8.710403530407147,-23.806985747141077,4.7185573621430095,True,False,-13.032829552147836
2024,MIA,Ahead vs clutch,12.705783328417528,-11.956548066881584,36.478977470372364,False,False,11.0748977719825
2024,MIA,"Ahead vs behind, excluding final 2",-6.173670001296264,-21.84502883303066,8.320575853110055,True,False,-10.399098815082468
2024,MIL,Ahead vs behind,1.1682506650416904,-12.339803332421848,11.554491876411301,True,False,-0.8193082509122815
2024,MIL,Ahead vs clutch,-9.732587342480112,-34.95536027471895,11.472548692033097,False,False,-9.311698817829182
2024,MIL,"Ahead vs behind, excluding final 2",2.744068116344862,-11.371891780327392,14.000803103435155,True,False,0.712249494100508
2024,MIN,Ahead vs behind,-5.434418207062692,-21.755668412686195,5.709542145122001,True,False,-9.695965272669707
2024,MIN,Ahead vs clutch,18.336456634183968,-5.720787597619113,42.32341978313818,False,False,14.54764276067125
2024,MIN,"Ahead vs behind, excluding final 2",-4.1900491856128275,-22.20902268758011,8.286682605692553,True,False,-8.392280606391875
2024,NOP,Ahead vs behind,6.584083341235116,-5.232603725969157,17.216371297192815,True,False,2.1165155132932485
2024,NOP,Ahead vs clutch,14.13197557546631,-15.973679069454295,41.353848462280574,False,False,13.900000452873275
2024,NOP,"Ahead vs behind, excluding final 2",9.126444412795701,-3.548707101703179,19.78519449366516,True,False,4.689290468852261
2024,NYK,Ahead vs behind,-2.678163794524064,-15.994196256653161,8.93038058363848,True,False,-8.373001354334034
2024,NYK,Ahead vs clutch,-13.681586353693016,-37.17784337403974,10.113010509397819,False,False,-16.16870050157146
2024,NYK,"Ahead vs behind, excluding final 2",-2.1835234642540833,-16.138631968820714,10.052519367392472,True,False,-7.7733343232867655
2024,OKC,Ahead vs behind,4.313904883752325,-14.436308983316298,18.53865985506516,True,False,0.8919666393605441
2024,OKC,Ahead vs clutch,-4.724502650591996,-26.384617923061647,17.5513565101574,False,False,-7.97096833353645
2024,OKC,"Ahead vs behind, excluding final 2",3.425420568365503,-15.840590063522935,17.73630441581065,True,False,-0.00019471896719736037
2024,ORL,Ahead vs behind,2.045915852547709,-9.135475012344017,11.124963100928795,True,False,-2.851760693690868
2024,ORL,Ahead vs clutch,2.493637138732806,-18.194511706252502,24.098734229560097,False,False,0.42646970522098204
2024,ORL,"Ahead vs behind, excluding final 2",0.7203237212805256,-11.457448765855245,10.803414352950007,True,False,-4.109759034305253
2024,PHI,Ahead vs behind,-0.17798650002683036,-13.836178846446096,13.519651135970118,True,False,-6.633650728029049
2024,PHI,Ahead vs clutch,1.347005461943791,-21.938198381281364,25.480294461717715,False,False,-2.9497468929342756
2024,PHI,"Ahead vs behind, excluding final 2",1.023688517251696,-13.003678211559993,15.229842549622356,True,False,-5.552789345433499
2024,PHX,Ahead vs behind,-19.010267405586283,-30.190414011575935,-9.791609486773622,True,False,-22.21198997093719
2024,PHX,Ahead vs clutch,-4.585334059375137,-22.221938962443712,14.67932783559582,False,False,-5.264699288344243
2024,PHX,"Ahead vs behind, excluding final 2",-17.494700280620204,-29.357969871314666,-7.650561530852417,True,False,-20.548772841255115
2024,POR,Ahead vs behind,-4.911681376947268,-26.096829380324138,12.427085857500208,True,False,-10.011084879044674
2024,POR,Ahead vs clutch,-9.591557833200874,-35.688816870042245,15.681616102702085,False,False,-10.344520357564022
2024,POR,"Ahead vs behind, excluding final 2",-4.251880729996374,-24.855849561860783,12.35056525455567,True,False,-9.4055998424345
2024,SAC,Ahead vs behind,-3.6598870927868576,-17.582388506154224,8.1927519829373,True,False,-7.318648734723055
2024,SAC,Ahead vs clutch,-6.91505787002917,-22.979127267873213,11.360692360083394,True,False,-7.994206536005649
2024,SAC,"Ahead vs behind, excluding final 2",-2.943825222906406,-17.49689881062529,9.166610453353533,True,False,-6.5601610262254555
2024,SAS,Ahead vs behind,2.99789473764381,-10.113925319911365,14.21588148556658,True,False,-4.124894827702814
2024,SAS,Ahead vs clutch,12.24033997687947,-11.067002659780341,33.282479311654406,False,False,7.530935259373949
2024,SAS,"Ahead vs behind, excluding final 2",2.6124284966295845,-10.959740935209332,13.885915230981475,True,False,-4.523382360372768
2024,TOR,Ahead vs behind,2.4925314840992483,-12.096383543912419,14.162811618646275,True,False,-0.6024606701315349
2024,TOR,Ahead vs clutch,2.1027973437995637,-19.67548179530828,22.68066451464596,False,False,0.6819853874302071
2024,TOR,"Ahead vs behind, excluding final 2",3.7091814152582727,-11.264410840800435,15.501513747651689,True,False,0.7570518521254312
2024,UTA,Ahead vs behind,1.7733704752562507,-12.53151636747071,12.731060319974436,True,False,-4.197304918301345
2024,UTA,Ahead vs clutch,-12.752540362099392,-36.71095349134935,9.919534941624967,False,False,-16.709469434220104
2024,UTA,"Ahead vs behind, excluding final 2",1.6053185029150694,-13.623701395025332,12.404180694280758,True,False,-4.328078684351432
2024,WAS,Ahead vs behind,-6.953312889439884,-19.498767086882975,4.121396876252091,True,False,-12.765689546044477
2024,WAS,Ahead vs clutch,29.679394984130404,3.5788781260197244,57.25206863048985,False,True,28.323566868393314
2024,WAS,"Ahead vs behind, excluding final 2",-4.630873166168955,-18.95452620761937,6.797696595909864,True,False,-10.362848373663823
2025,ATL,Ahead vs behind,-12.990291648811201,-26.123349454097493,-1.783561716865924,True,False,-19.7791255864504
2025,ATL,Ahead vs clutch,-23.030770722983846,-43.72323140375756,-4.667733435177914,False,False,-27.319804379649508
2025,ATL,"Ahead vs behind, excluding final 2",-14.829413080382736,-28.57443175672908,-2.431109351181046,True,False,-21.605110185161188
2025,BKN,Ahead vs behind,-12.19108816467532,-24.668715914194333,-0.738689080228353,True,False,-13.61719937411362
2025,BKN,Ahead vs clutch,-3.5203799180975643,-28.67970599703057,21.462558837923815,False,False,-4.912253135773462
2025,BKN,"Ahead vs behind, excluding final 2",-14.750533428463113,-27.884958124222887,-3.275639657944622,True,False,-16.249834248814498
2025,BOS,Ahead vs behind,-3.1452496776610026,-20.450002421699754,9.573066124550593,True,False,-4.330252997070188
2025,BOS,Ahead vs clutch,-0.9618968985400072,-21.78472074352459,19.434021532352126,False,False,-2.2217150493918556
2025,BOS,"Ahead vs behind, excluding final 2",-2.1090568657751945,-19.991638521499212,10.871949551754314,True,False,-3.1738620954804464
2025,CHA,Ahead vs behind,-12.870490768680611,-44.553612016849634,6.819339032752488,False,False,-17.91593119320059
2025,CHA,Ahead vs clutch,-4.524414150456103,-39.62580469036029,22.049294272325437,False,False,-6.755875352509852
2025,CHA,"Ahead vs behind, excluding final 2",-12.812910398910242,-47.167400557975064,6.692532471794523,False,False,-17.91518022486388
2025,CHI,Ahead vs behind,0.8395268986419517,-12.962819868105605,12.080622422957639,True,False,-5.58473448112109
2025,CHI,Ahead vs clutch,-13.479636816019351,-39.32613703796772,13.586117397879491,False,False,-17.183760920171775
2025,CHI,"Ahead vs behind, excluding final 2",0.9509050921337945,-13.780791699477124,12.901030993734867,True,False,-5.467835982795815
2025,CLE,Ahead vs behind,-9.965079673769592,-26.872605782321457,2.5483008445568034,True,False,-15.353879195890025
2025,CLE,Ahead vs clutch,-13.921262644920551,-37.908641989719236,9.662964550172317,False,False,-15.798806100927768
2025,CLE,"Ahead vs behind, excluding final 2",-10.975369325067517,-29.073837206751637,2.5711776803876765,True,False,-16.42306900079677
2025,DAL,Ahead vs behind,2.0782902001680856,-14.567843468833198,13.978297851520614,True,False,-3.9750292500969007
2025,DAL,Ahead vs clutch,-5.797034649502878,-30.278916438168054,12.411897181713487,False,False,-8.097038241903846
2025,DAL,"Ahead vs behind, excluding final 2",1.4701639618391098,-16.014642186321474,14.172468150910552,True,False,-4.50824187262792
2025,DEN,Ahead vs behind,-5.442630817204506,-18.32242689602123,5.2519829809851934,True,False,-10.167664971991105
2025,DEN,Ahead vs clutch,-17.885952697807,-41.57934716294136,6.703467620185363,False,False,-18.29929791331723
2025,DEN,"Ahead vs behind, excluding final 2",-5.9638510420735855,-19.432384390042426,4.740579040217268,True,False,-10.520281078907747
2025,DET,Ahead vs behind,-10.610925297422714,-24.72791527201549,0.764179452660244,True,False,-16.672795047796086
2025,DET,Ahead vs clutch,11.377996555975324,-8.022263124827763,29.841012103303587,False,False,8.756837886469253
2025,DET,"Ahead vs behind, excluding final 2",-9.769041547160171,-24.442712242148833,2.421909000194315,True,False,-15.82551389423406
2025,GSW,Ahead vs behind,-2.604536948627662,-22.056515272890522,12.001830667126027,True,False,-7.025069064230524
2025,GSW,Ahead vs clutch,-2.185109587023719,-27.766320615438268,20.85429752739381,False,False,-5.09442342048349
2025,GSW,"Ahead vs behind, excluding final 2",-0.015299606849441538,-20.387687680523452,15.039331935174403,True,False,-4.287254555655208
2025,HOU,Ahead vs behind,-4.895819723443588,-20.88078852414447,6.039774357925445,True,False,-9.701418264491235
2025,HOU,Ahead vs clutch,3.413486854934336,-17.097603978205886,25.460187683256212,False,False,-0.32171161208308585
2025,HOU,"Ahead vs behind, excluding final 2",-6.47242175310091,-22.64298704512092,4.355021854701123,True,False,-11.187330674950255
2025,IND,Ahead vs behind,-10.974517464698517,-25.86849878483566,4.300158252558133,True,False,-14.011141806879984
2025,IND,Ahead vs clutch,-21.591107467220816,-43.84335751685698,1.4418885923249742,True,False,-22.64185560852579
2025,IND,"Ahead vs behind, excluding final 2",-12.144120428041028,-29.02589110451463,3.5046439557140734,True,False,-15.129957880533905
2025,LAC,Ahead vs behind,4.277933449470989,-15.644061643051616,18.415721044994072,True,False,-1.6038895948124416
2025,LAC,Ahead vs clutch,8.64573129958347,-13.205226465627916,29.97237747295208,False,False,4.616352129318798
2025,LAC,"Ahead vs behind, excluding final 2",3.4915447844649696,-18.160690171943862,18.796073325339385,True,False,-2.3463233185579053
2025,LAL,Ahead vs behind,-3.182869060242443,-17.021798926428794,8.989869060290204,True,False,-5.558052290840429
2025,LAL,Ahead vs clutch,-14.411654076366839,-38.66671938242277,8.683056991277477,False,False,-15.550209254891953
2025,LAL,"Ahead vs behind, excluding final 2",-5.360171852118029,-19.784767235999904,6.9092863049443825,True,False,-7.716244278993404
2025,MEM,Ahead vs behind,-4.19046664135985,-18.39319566780769,6.536955173715846,True,False,-12.128212454836248
2025,MEM,Ahead vs clutch,-3.053411967240325,-28.12781663054623,22.502413747275018,False,False,-6.590253262796668
2025,MEM,"Ahead vs behind, excluding final 2",-6.095474797698866,-20.351804304984718,4.953523125693305,True,False,-13.949488239683301
2025,MIA,Ahead vs behind,-8.139504614525054,-23.97806044989035,6.192785883781187,True,False,-14.41193617852404
2025,MIA,Ahead vs clutch,8.844387421893128,-14.2190212440408,30.526612410881874,True,False,5.353318478111641
2025,MIA,"Ahead vs behind, excluding final 2",-8.190655722000987,-24.60092309330587,7.131806951248738,True,False,-14.31961088286241
2025,MIL,Ahead vs behind,-5.1852932227760595,-18.746077075600414,7.275441067447132,True,False,-10.93700672998139
2025,MIL,Ahead vs clutch,-11.539626857704665,-34.166796085689384,10.928612425534606,True,False,-14.48632951810766
2025,MIL,"Ahead vs behind, excluding final 2",-4.628798712498851,-18.971655134343973,8.121180747523958,True,False,-10.320864390094638
2025,MIN,Ahead vs behind,-10.312326715898871,-24.392382901639632,0.8005067688136083,True,False,-16.200659136881146
2025,MIN,Ahead vs clutch,17.87142739832054,-1.617822466883599,36.85465202624867,True,False,14.094459016249083
2025,MIN,"Ahead vs behind, excluding final 2",-9.854547852726178,-23.684806112985147,1.5079792194588428,True,False,-15.80489598431313
2025,NOP,Ahead vs behind,-11.741026546845376,-33.167103965893865,2.1577763413603184,True,False,-18.051832899410435
2025,NOP,Ahead vs clutch,-22.203869987268817,-46.910725718137726,-1.8342037531415794,False,False,-26.67509046734207
2025,NOP,"Ahead vs behind, excluding final 2",-10.219898916050226,-32.39992505137473,3.974564513769742,True,False,-16.315441996348333
2025,NYK,Ahead vs behind,3.3467947337463437,-10.359603785797818,14.172063922815072,True,False,-2.3477521829101806
2025,NYK,Ahead vs clutch,3.7709525510983637,-14.735587901678695,22.29080881030905,False,False,2.4582027997795137
2025,NYK,"Ahead vs behind, excluding final 2",4.940268096417993,-11.161038835371233,16.604675896468354,True,False,-0.7507927806040797
2025,OKC,Ahead vs behind,-6.7627480949131815,-28.392892948276753,7.683922436387884,True,False,-10.041790821632889
2025,OKC,Ahead vs clutch,2.794258313158913,-32.973309079725865,38.09466648592106,False,False,-2.807869081664329
2025,OKC,"Ahead vs behind, excluding final 2",-8.396490585170366,-28.220671404515617,4.8134297739467,True,False,-11.600932872014997
2025,ORL,Ahead vs behind,1.5855414251506326,-9.649070394511321,12.35893714882588,True,False,-4.806229347435748
2025,ORL,Ahead vs clutch,-9.321053413014406,-33.29767650903578,17.14491299927464,False,False,-13.111313847694928
2025,ORL,"Ahead vs behind, excluding final 2",8.034693432860786,-3.306355397477072,18.90728305104076,True,False,1.642223394971278
2025,PHI,Ahead vs behind,-11.166317568358803,-25.359859964520943,0.159212735510541,True,False,-15.433511619580592
2025,PHI,Ahead vs clutch,4.4763029262961815,-19.25229306374344,28.08295155552105,False,False,2.5600696549673927
2025,PHI,"Ahead vs behind, excluding final 2",-12.706053912754266,-26.223900726903665,-2.616031210433244,True,False,-16.837592955563142
2025,PHX,Ahead vs behind,-18.90414209163474,-36.98886357672017,-4.800998762874628,True,False,-25.77978380210081
2025,PHX,Ahead vs clutch,-8.408118022969376,-34.84592878490203,15.677768559021763,False,False,-11.828183654340052
2025,PHX,"Ahead vs behind, excluding final 2",-17.85894783519481,-35.52738197007095,-3.944597468538747,True,False,-24.759285656803385
2025,POR,Ahead vs behind,6.202306268474762,-9.062966471636445,20.365979149665158,True,False,1.209592366873788
2025,POR,Ahead vs clutch,9.339495539219236,-12.295096623533034,30.171164106583046,False,False,6.988224977700193
2025,POR,"Ahead vs behind, excluding final 2",3.3620115426886477,-12.59421375853527,17.067500155323508,True,False,-1.6023416927440755
2025,SAC,Ahead vs behind,1.8529287038786353,-13.778432427704068,14.032057584187497,True,False,-3.547101908619024
2025,SAC,Ahead vs clutch,-5.344108461733695,-25.612216269446016,16.03734969767776,True,False,-8.36397327095969
2025,SAC,"Ahead vs behind, excluding final 2",0.6297095309795746,-15.311307752561014,13.336496654372079,True,False,-4.6813536036677394
2025,SAS,Ahead vs behind,-4.836684535591793,-19.327311583847145,7.6344121127877695,True,False,-7.046170536553776
2025,SAS,Ahead vs clutch,5.755802081662978,-19.503715226952465,28.411537993895795,False,False,6.055225797120216
2025,SAS,"Ahead vs behind, excluding final 2",-5.583473402652733,-20.151121151775282,7.533029850370612,True,False,-7.745893473546406
2025,TOR,Ahead vs behind,-2.809134145659465,-17.54948292567716,11.259913263063785,True,False,-10.76882512285761
2025,TOR,Ahead vs clutch,6.795304062958802,-16.31177666566714,27.941042671570116,False,False,1.0564819814333788
2025,TOR,"Ahead vs behind, excluding final 2",-2.640450585409692,-17.38448239525858,11.05236157213692,True,False,-10.552876600648965
2025,UTA,Ahead vs behind,-4.062402223873919,-24.022850718045355,12.42881362884027,True,False,-8.4279878800779
2025,UTA,Ahead vs clutch,10.907391217112416,-13.314175002585532,32.86727902139067,False,False,11.014576464849885
2025,UTA,"Ahead vs behind, excluding final 2",-4.846475361213359,-25.743509195949393,11.941834396119422,True,False,-9.218228252936896
2025,WAS,Ahead vs behind,-14.192518670754522,-29.164188963211814,-2.1853432463632787,True,False,-19.71821327714438
2025,WAS,Ahead vs clutch,-11.567897419143268,-39.686328961918484,16.6210376468766,False,False,-15.326854055056955
2025,WAS,"Ahead vs behind, excluding final 2",-11.707010189866878,-27.12032284565419,1.6667457456539299,True,False,-17.21135519401227
2026,ATL,Ahead vs behind,3.5564380123082935,-7.700968950134177,13.570115733013823,True,False,-2.1629683238267106
2026,ATL,Ahead vs clutch,2.861854829990556,-16.942715701366442,24.688983961584704,False,False,-0.7142493155263335
2026,ATL,"Ahead vs behind, excluding final 2",3.384372612988718,-8.880931587398143,14.20017855707732,True,False,-2.2208120078093394
2026,BKN,Ahead vs behind,0.7754298174630208,-17.36553287612885,15.175436097350206,True,False,-6.667912707617091
2026,BKN,Ahead vs clutch,17.1984053398375,-7.163933249130609,44.20036216666367,False,False,11.898979280495944
2026,BKN,"Ahead vs behind, excluding final 2",0.7274781991543664,-17.434252287465274,15.057327822790969,True,False,-6.860115361284507
2026,BOS,Ahead vs behind,-5.428607488341829,-23.82630405678666,8.543238393159529,True,False,-10.430591388121051
2026,BOS,Ahead vs clutch,8.026911484507346,-12.952737988860543,28.197117213007797,False,False,5.2975744336899755
2026,BOS,"Ahead vs behind, excluding final 2",-2.9592094612346598,-21.242440261177965,10.649968229174982,True,False,-7.9580242629486335
2026,CHA,Ahead vs behind,-1.3814321912660965,-13.652807220034239,9.831165881233431,True,False,-6.868095039238437
2026,CHA,Ahead vs clutch,18.053296385575372,-6.222383328534823,42.421686609060046,False,False,16.456793471432114
2026,CHA,"Ahead vs behind, excluding final 2",-0.4395166998626401,-13.474623362144554,10.764685177084768,True,False,-5.8434450708884125
2026,CHI,Ahead vs behind,-5.1975580407052995,-20.94202891493971,7.700612407268636,True,False,-8.45134171369722
2026,CHI,Ahead vs clutch,-5.495217401250943,-32.03121932120314,17.509802327616104,True,False,-8.075012298283262
2026,CHI,"Ahead vs behind, excluding final 2",-6.944680150969603,-23.307481721546097,5.879108209231297,True,False,-9.993983610939585
2026,CLE,Ahead vs behind,-22.213049359665863,-36.52756476845533,-10.304895029039727,True,False,-27.353246922590067
2026,CLE,Ahead vs clutch,-20.980329804721826,-44.61244386695003,0.8743960260313427,False,False,-22.968270424702283
2026,CLE,"Ahead vs behind, excluding final 2",-23.54898113062189,-37.174158278936076,-11.586854183770642,True,False,-28.76882828785506
2026,DAL,Ahead vs behind,-22.358832291025433,-39.833856213963564,-10.817905457716185,True,False,-25.60873368316441
2026,DAL,Ahead vs clutch,-5.722213049108058,-27.384439286878422,14.084418338148808,True,False,-7.257517246018896
2026,DAL,"Ahead vs behind, excluding final 2",-22.283672753088474,-38.67747481134896,-10.775189413697275,True,False,-25.49914750986069
2026,DEN,Ahead vs behind,-15.873398001771761,-34.76736984101084,2.422275027095512,True,False,-21.1186081101523
2026,DEN,Ahead vs clutch,2.1329382898641454,-16.88613050575753,22.074412287595518,True,False,-1.4162045535472108
2026,DEN,"Ahead vs behind, excluding final 2",-18.19444218272888,-37.67424402133315,0.6656335688920344,True,False,-23.53518970960632
2026,DET,Ahead vs behind,-14.088396480185397,-30.406928358130028,-2.9764718718714938,True,False,-18.356029008253266
2026,DET,Ahead vs clutch,-12.902699713856736,-30.663547713176648,5.016404710396491,False,False,-16.802421333443757
2026,DET,"Ahead vs behind, excluding final 2",-12.259353026575564,-29.802932113244367,0.24668492220674249,True,False,-16.41250759773892
2026,GSW,Ahead vs behind,-10.574259054067827,-25.340352970618838,0.8744736814625398,True,False,-17.057012042956224
2026,GSW,Ahead vs clutch,-4.778352054964497,-28.77281328442361,17.517832633689906,False,False,-7.347401032597622
2026,GSW,"Ahead vs behind, excluding final 2",-10.642813889023596,-25.89849060683602,0.849755135000921,True,False,-17.13524695919682
2026,HOU,Ahead vs behind,-4.585259766938147,-24.56166848208159,13.752718572030135,True,False,-9.905300495791414
2026,HOU,Ahead vs clutch,15.649767286028057,-5.435965658494141,37.3266917269763,True,False,11.979540546405937
2026,HOU,"Ahead vs behind, excluding final 2",-3.5693519040755906,-24.725872388463248,15.7786923076521,True,False,-8.773376455730823
2026,IND,Ahead vs behind,-4.284272263357945,-22.928432722687457,8.507644414233079,True,False,-8.9967218189166
2026,IND,Ahead vs clutch,7.300898126377938,-19.30807098239475,32.80838216977641,False,False,3.082404143295948
2026,IND,"Ahead vs behind, excluding final 2",-4.880846845948463,-22.685905842664166,7.465101615599214,True,False,-9.596852031207579
2026,LAC,Ahead vs behind,0.9173932987617763,-10.139237399708904,10.653853383037914,True,False,-3.781732599860217
2026,LAC,Ahead vs clutch,4.153682694215623,-13.810855587956144,24.734528057509078,False,False,1.9261801554496447
2026,LAC,"Ahead vs behind, excluding final 2",-0.6295001156708382,-11.770918800444628,9.194957931161165,True,False,-5.298077999277865
2026,LAL,Ahead vs behind,1.2273052243228144,-11.335913344905977,11.508972595812242,True,False,-7.090673673197411
2026,LAL,Ahead vs clutch,-26.327418981146145,-55.074925033505636,0.8588367217398651,False,False,-31.852833944822798
2026,LAL,"Ahead vs behind, excluding final 2",0.9126518894652529,-12.308062210253144,12.13168514997867,True,False,-7.398555744360024
2026,MEM,Ahead vs behind,-7.042896236956878,-23.790742384524552,5.788794728422934,True,False,-11.462201351265428
2026,MEM,Ahead vs clutch,8.321100753475044,-13.750358459253873,31.649776184333387,False,False,7.415642819208962
2026,MEM,"Ahead vs behind, excluding final 2",-2.782445819342372,-20.30190320545326,11.773433073183451,True,False,-7.099286500840472
2026,MIA,Ahead vs behind,1.5394794227769002,-11.207717940550694,12.70145521771176,True,False,-3.6472063938564334
2026,MIA,Ahead vs clutch,0.9695011690335383,-24.629628758134515,25.31198294678312,False,False,-3.37389416207507
2026,MIA,"Ahead vs behind, excluding final 2",-0.9948894634569224,-14.204973341813451,10.160289653712573,True,False,-6.148270805557852
2026,MIL,Ahead vs behind,2.7493923556925495,-7.518226163630424,12.0212825768114,True,False,-5.183655831532999
2026,MIL,Ahead vs clutch,-14.031646710646354,-32.57053438071881,3.761393729570342,False,False,-18.91948496026545
2026,MIL,"Ahead vs behind, excluding final 2",2.9843301681610246,-8.37310159281644,13.005391634769778,True,False,-5.024006691425795
2026,MIN,Ahead vs behind,0.30625551887753133,-13.498647475975703,11.632738479062903,True,False,-5.166357493554107
2026,MIN,Ahead vs clutch,7.711149665050436,-11.615489003470621,29.36064239121085,False,False,3.688781048294283
2026,MIN,"Ahead vs behind, excluding final 2",2.551833215647672,-12.871664596682884,15.646742206598582,True,False,-2.9277384541858424
2026,NOP,Ahead vs behind,-9.60787558283258,-24.325364059444645,1.4443405728005767,True,False,-18.92828272748048
2026,NOP,Ahead vs clutch,21.23246386513381,-0.1979165491141469,42.33999766994785,False,False,15.233621864407677
2026,NOP,"Ahead vs behind, excluding final 2",-8.828303625262814,-25.05290026421192,3.0563263545404027,True,False,-18.24866855499889
2026,NYK,Ahead vs behind,-2.09836050480369,-16.50543588234202,10.635738739906891,True,False,-5.830244457152098
2026,NYK,Ahead vs clutch,-9.829578491995687,-29.038892367181706,10.066849040376123,False,False,-12.253563501685484
2026,NYK,"Ahead vs behind, excluding final 2",-3.085840021879797,-18.47802162403569,9.546382872641578,True,False,-6.716673671983321
2026,OKC,Ahead vs behind,8.913597537323666,-8.350081219267171,23.31524075127348,False,False,5.244668415242803
2026,OKC,Ahead vs clutch,-15.942503565678166,-34.3980980026927,5.636996739717154,False,False,-18.865776174998146
2026,OKC,"Ahead vs behind, excluding final 2",7.49071604088793,-8.609990152680375,19.93150169531732,False,False,3.947914129235542
2026,ORL,Ahead vs behind,-5.7514563607351095,-23.15503624784554,9.09314233036234,True,False,-9.879699854103311
2026,ORL,Ahead vs clutch,-6.841834335689649,-25.762746182654162,10.410814338031923,True,False,-7.264673649433091
2026,ORL,"Ahead vs behind, excluding final 2",-7.590137483581859,-24.267677322900877,7.452203604358555,True,False,-11.67326201250064
2026,PHI,Ahead vs behind,-2.701001085918474,-16.894046922727387,8.454809966509885,True,False,-11.75147204155083
2026,PHI,Ahead vs clutch,-25.56046039685206,-47.36941867200094,-6.388805221718995,True,False,-30.315367197856375
2026,PHI,"Ahead vs behind, excluding final 2",-1.7950834944544973,-16.515461843351645,9.765422730114716,True,False,-10.760270022033682
2026,PHX,Ahead vs behind,0.058890762875213,-12.667188948690939,11.976392154357939,True,False,-6.2004284421660065
2026,PHX,Ahead vs clutch,8.24054836336003,-10.671492316713213,27.323679296001593,True,False,5.479131573877753
2026,PHX,"Ahead vs behind, excluding final 2",-1.7672633495199501,-15.597837235347226,11.182297647097435,True,False,-7.923190651044941
2026,POR,Ahead vs behind,-4.654557482634133,-20.496889354505505,8.881717368665099,True,False,-12.787692967908775
2026,POR,Ahead vs clutch,-4.0417346888335555,-22.91413188698377,16.926969608423544,True,False,-8.392091272369674
2026,POR,"Ahead vs behind, excluding final 2",-5.199457238328408,-21.203133212594107,8.623376549363755,True,False,-13.34874998673098
2026,SAC,Ahead vs behind,-12.820101701554798,-30.209664760135006,-2.1530356472802454,True,False,-15.621216353624147
2026,SAC,Ahead vs clutch,-20.684900933944338,-44.625739890645946,3.4931543579895634,False,False,-20.995327119389017
2026,SAC,"Ahead vs behind, excluding final 2",-11.699895699550432,-29.559436276047787,-0.10865490183763099,True,False,-14.48260774341553
2026,SAS,Ahead vs behind,-19.472759450353493,-37.943065604121664,-7.059552763946848,True,False,-24.586002175583094
2026,SAS,Ahead vs clutch,-17.483405027743117,-38.77892643665811,3.8740997788509253,False,False,-20.176098015646826
2026,SAS,"Ahead vs behind, excluding final 2",-20.454095445835552,-40.37758743694923,-6.917152201223631,True,False,-25.618499820510124
2026,TOR,Ahead vs behind,-6.248399215346131,-20.786841559323555,5.511219080845472,True,False,-13.236527155652952
2026,TOR,Ahead vs clutch,-4.809517216354459,-28.464590373733063,18.28105189123575,False,False,-9.630162916142933
2026,TOR,"Ahead vs behind, excluding final 2",-7.249179560173776,-22.99027857113197,4.276436636948271,True,False,-14.295586763713041
2026,UTA,Ahead vs behind,4.225782872149833,-19.006343312647836,19.908429972581768,True,False,-1.4704975543051315
2026,UTA,Ahead vs clutch,2.984148388977953,-27.929327000619555,28.972429911489257,False,False,-1.6301518190832516
2026,UTA,"Ahead vs behind, excluding final 2",3.730404396868177,-20.015235237978537,20.12496936740511,True,False,-1.9194110291688684
2026,WAS,Ahead vs behind,2.782871471814812,-14.049327346871282,13.20014509742756,True,False,-1.5915572836019614
2026,WAS,Ahead vs clutch,6.235764979969429,-27.389788405531462,34.53470089438391,False,False,4.570769715031952
2026,WAS,"Ahead vs behind, excluding final 2",1.206563653869356,-13.93044278895469,10.82568773039847,False,False,-3.0610017165475725
